bucket,loans,predicted,actual,gap_pp,model
1,28279,0.03404305241633742,0.03670568266204604,0.26626302457086193,challenger
2,28279,0.060949912611538724,0.06612680787863785,0.5176895267099129,challenger
3,28278,0.08013678107968693,0.09229789942711648,1.2161118347429556,challenger
4,28279,0.0971658637292018,0.10594434032320803,0.8778476594006226,challenger
5,28279,0.11383919407540435,0.13373881678984406,1.9899622714439706,challenger
6,28278,0.13139384639435187,0.15100077798995687,1.9606931595605004,challenger
7,28279,0.15131735186272685,0.17291983450617066,2.1602482643443803,challenger
8,28278,0.17571291359837563,0.1994129712143716,2.3700057615995975,challenger
9,28279,0.20970923637299926,0.23310583825453518,2.3396601881535917,challenger
10,28279,0.2901208580316034,0.29711093037236114,0.6990072340757714,challenger
