feature,value,avg_pd
fico,662.0,0.17590180759850846
fico,667.0,0.16964880896647286
fico,672.0,0.16560946254565223
fico,677.0,0.15492150456536816
fico,682.0,0.15100415786906643
fico,687.0,0.1456550272172289
fico,692.0,0.13233173740582835
fico,697.0,0.12740478801389948
fico,707.0,0.11492652780491786
fico,712.0,0.10511794825211646
fico,722.0,0.09643241611091648
fico,742.0,0.07676521214088519
fico,782.0,0.053755252334064765
revol_bal,845.0,0.22646537923343307
revol_bal,2861.0,0.16592427009046665
revol_bal,4168.0,0.15902117784629433
revol_bal,5354.0,0.14780784669806057
revol_bal,6517.0,0.14823783815609942
revol_bal,7772.0,0.14554274408610143
revol_bal,9126.0,0.14403159842241928
revol_bal,10623.0,0.13782854299075606
revol_bal,12317.0,0.13202861339214259
revol_bal,14401.0,0.12993389670434877
revol_bal,16989.119999999995,0.12922659765354103
revol_bal,20508.0,0.1274568487519481
revol_bal,25690.0,0.1264117931841714
revol_bal,34647.0,0.12142711332831782
revol_bal,68826.67999999982,0.12937308150312518
dti,3.23,0.10335491468390451
dti,6.98,0.10685175703029803
dti,9.37,0.1095019805869188
dti,11.32,0.11563834700299212
dti,13.05,0.11768488476262323
dti,14.67,0.12375098414160998
dti,16.28,0.12879610057821078
dti,17.87,0.13126721100779382
dti,19.52,0.13800987367194126
dti,21.27,0.14198109978669726
dti,23.2,0.14753439459242318
dti,25.34,0.1514049216800213
dti,27.84,0.15714965889623345
dti,31.06,0.15968633319449166
dti,36.76,0.17138923446439952
loan_to_income,0.03333333333333333,0.09982208421913415
loan_to_income,0.06605504587155964,0.11472334727865209
loan_to_income,0.08782906329759173,0.11964992818231132
loan_to_income,0.10714285714285714,0.1211047305305998
loan_to_income,0.125,0.12299762793506475
loan_to_income,0.14285714285714285,0.12456165104548407
loan_to_income,0.16069123427672985,0.1292491968672773
loan_to_income,0.18,0.13097460928528454
loan_to_income,0.2,0.13300091909506492
loan_to_income,0.2222222222222222,0.13385459553381515
loan_to_income,0.248606875596404,0.1382046747381942
loan_to_income,0.2777777777777778,0.1480960049623739
loan_to_income,0.3125,0.1562368814451264
loan_to_income,0.35981636141348716,0.1729893596277663
loan_to_income,0.44776119402985076,0.185243443165999
