feature,auc_drop,std,gini_drop
fico,0.047508754086290884,0.0019722634288335725,0.09501750817258177
revol_bal,0.020935804053787848,0.00030178513221783737,0.041871608107575696
dti,0.01335088636055315,0.0008374954967356198,0.0267017727211063
loan_to_income,0.013017230826757098,0.0007887815520280112,0.026034461653514196
inq_last_6mths,0.012964402499002806,0.0006011190915083811,0.025928804998005612
open_acc,0.011291673590334561,9.742433999057956e-05,0.022583347180669122
purpose,0.010572960023835454,0.0007262526639135513,0.021145920047670907
annual_inc,0.008070334490064815,0.0008125263185895325,0.01614066898012963
emp_length_yrs,0.007236682690908343,0.0002502811942609005,0.014473365381816686
credit_hist_months,0.007006096470318209,0.0005180206454572843,0.014012192940636417
loan_amnt,0.005973130857718112,0.0002546736159011998,0.011946261715436224
home_ownership,0.004931836677649071,0.00024668721092298073,0.009863673355298141
revol_util,0.0030958872227004886,0.00046695576203741534,0.006191774445400977
total_acc,0.003081200343134453,0.0006264853970168499,0.006162400686268906
mort_acc,0.001978813503853908,0.00030793612005741375,0.003957627007707816
verification_status,0.001277449978778063,0.00026674282108490616,0.002554899957556126
delinq_2yrs,0.0008170947039089679,1.6848905494730285e-05,0.0016341894078179358
pub_rec,0.0003741463351291108,0.00016617571222670935,0.0007482926702582215
pub_rec_bankruptcies,9.24503633569218e-05,0.00018206965866229304,0.0001849007267138436
