model,approval_rate,loans,bad_rate,net_return,funded_amnt
LC sub-grade,0.5,141394,0.08257776143259261,0.07146069279660974,1918501850.0
LC sub-grade,0.55,155533,0.08859213157336385,0.07160217394276934,2086986750.0
LC sub-grade,0.6,169672,0.09467678815597153,0.07161469596671942,2253973400.0
LC sub-grade,0.65,183812,0.10043413922921246,0.07146796204208682,2419643200.0
LC sub-grade,0.7,197951,0.10648089678758885,0.07102567035008205,2583773550.0
LC sub-grade,0.75,212090,0.11253241548399265,0.07074704000728121,2753871550.0
LC sub-grade,0.8,226230,0.11875524908279185,0.07025343101518085,2929629425.0
LC sub-grade,0.85,240369,0.1250660442902371,0.06970905989917713,3097282350.0
LC sub-grade,0.9,254508,0.1316658022537602,0.06901880966948054,3265889150.0
LC sub-grade,0.95,268648,0.13917468211190853,0.06785174406469908,3442300325.0
LC sub-grade,1.0,282787,0.14883640337073487,0.06547702406815284,3620635675.0
scorecard,0.5,141394,0.09351881975189895,0.0739500732378809,1975351775.0
scorecard,0.55,155533,0.09838426571852919,0.07364424362729285,2151652850.0
scorecard,0.6,169672,0.1038002734688104,0.07268866302132614,2322885125.0
scorecard,0.65,183812,0.108289991948295,0.07244942778921083,2492954050.0
scorecard,0.7,197951,0.11332602512743052,0.07173581299474643,2662883250.0
scorecard,0.75,212090,0.118562874251497,0.07098365671807948,2827548425.0
scorecard,0.8,226230,0.12377668744198382,0.07032474339315978,2990979000.0
scorecard,0.85,240369,0.1289475764345652,0.06957999031822971,3153076300.0
scorecard,0.9,254508,0.1349034215034498,0.06823299592319497,3312510975.0
scorecard,0.95,268648,0.14106563235162742,0.06712963829761275,3470331800.0
scorecard,1.0,282787,0.14883640337073487,0.06547702406815284,3620635675.0
challenger,0.5,141394,0.08696267168338119,0.07685615471752752,1949989400.0
challenger,0.55,155533,0.09226337818983753,0.07632724996017792,2122585000.0
challenger,0.6,169672,0.09763543778584563,0.07572051747766456,2292715400.0
challenger,0.65,183812,0.10321415359171328,0.0751723062592709,2461670350.0
challenger,0.7,197951,0.10839046026541922,0.0745791467050478,2630056075.0
challenger,0.75,212090,0.11423923805931444,0.07332746839015412,2794492075.0
challenger,0.8,226230,0.11976749325907263,0.0724612627179076,2956989900.0
challenger,0.85,240369,0.12591473942147283,0.07123352076788486,3119400175.0
challenger,0.9,254508,0.13236126172851148,0.06985169962207156,3281993950.0
challenger,0.95,268648,0.13977025699056014,0.06809534139011124,3447448875.0
challenger,1.0,282787,0.14883640337073487,0.06547702406815284,3620635675.0
