dti_measure,cap,declined_share,bad_rate_declined,bad_rate_kept,bad_rate_change_pp,net_return_kept,net_return_change_pp,net_return_declined,z,p_value
dti,15,0.6226523850106264,0.16723270368813822,0.11848110281232135,-3.035530055841351,0.07152546407837662,0.6048440010223782,0.061788512275624624,35.30621247322341,4.715051638883897e-273
dti,20,0.41189305024629846,0.18060062844485653,0.12658966141339315,-2.2246741957341722,0.07005451304433959,0.4577488976186747,0.05871539133459487,39.71649890003853,0.0
dti,25,0.23567915073889537,0.19469743574354434,0.13469510502452114,-1.414129834621372,0.06801299187580506,0.2535967807652223,0.056645638747849565,38.04829255873769,9.1875934e-317
dti,30,0.10644760897778187,0.21065045511926117,0.1414725844430813,-0.7363818927653559,0.06632282585942943,0.0845801791276593,0.05723685776100382,31.875996653870466,5.74464438933651e-223
dti,35,0.0341847397511201,0.2262335781524775,0.14609695371997658,-0.27394496507582855,0.06561683534863784,0.013981128048499991,0.06075639887550513,21.755187557385714,6.1693686947599425e-105
dti_post,20,0.6971855141855885,0.16675712003246176,0.10757660687593423,-4.125979649480064,0.07459981264314729,0.9122788574994447,0.06226474819180192,40.62654066778866,0.0
dti_post,25,0.520363383040946,0.17840056540176144,0.11676189774025879,-3.207450563047608,0.07193352635895747,0.6456502290804633,0.060540210095809364,46.00779176721977,0.0
dti_post,30,0.3527991032119581,0.19179688674611844,0.1254179871052344,-2.3418416265500452,0.06965318750503685,0.41761634368840117,0.05904675852391531,47.38948147036265,0.0
dti_post,35,0.21381817410276993,0.20608616555031836,0.13326616349259182,-1.5570239878143044,0.0678854801329185,0.24084560647656544,0.058025510398959736,44.60700980180188,0.0
dti_post,40,0.10997323073550057,0.22193639666870318,0.13980404310098216,-0.903236026975271,0.06640168835282967,0.09246642846768294,0.059215452200963054,38.390866183586496,1.9e-322
dti_post,45,0.04476160502427622,0.23708326749881498,0.14470123533570997,-0.4135168035024894,0.06575764402574524,0.0280619957592404,0.06058851130485752,28.540714304462924,3.662691486556368e-179
