dti_measure,cap,score_band,band_loans,declined_share,bad_rate_above_cap,bad_rate_below_cap,z,p_value,lift_pp,significant_5pct
dti,15,Q1 riskiest,56558,0.856006223699565,0.2532531912256785,0.22421414538310414,5.606324464692622,2.0666836909854495e-08,2.9039045842574387,True
dti,15,Q2,56557,0.7144296904008346,0.18477453843488592,0.18104142158380285,1.035532667190478,0.300420218676034,0.37331168510830737,False
dti,15,Q3,56557,0.6035327192036353,0.14630573621608953,0.14244302724880703,1.277036026634509,0.20158952848115075,0.38627089672824966,False
dti,15,Q4,56557,0.5176370741022331,0.11019264926902582,0.10402844470510612,2.3676148400040615,0.01790316288895929,0.6164204563919695,True
dti,15,Q5 safest,56558,0.42165564553202023,0.06285642401878565,0.056893916233567716,2.9622720658656716,0.003053778173695873,0.5962507785217931,True
dti,20,Q1 riskiest,56558,0.685809257753103,0.25659997937506446,0.23263927968486212,6.116224589510822,9.581826072813325e-10,2.396069969020234,True
dti,20,Q2,56557,0.48706614565836237,0.18807855664863687,0.17955877283695276,2.6152256978045845,0.00891685117650172,0.8519783811684112,True
dti,20,Q3,56557,0.3754265608147533,0.14802430179437667,0.1428207451024799,1.7029881243068656,0.08857029084889682,0.520355669189676,False
dti,20,Q4,56557,0.2989373552345421,0.11439048914650736,0.10416141235813367,3.5994762278302694,0.00031885877939197933,1.022907678837369,True
dti,20,Q5 safest,56558,0.21222461897521128,0.06873281679580105,0.05689597127146224,4.8692137250049665,1.1204317367256587e-06,1.1836845524338815,True
dti,25,Q1 riskiest,56558,0.46269316453905723,0.2599258664832435,0.23972490045740236,5.53879673471844,3.045568740490541e-08,2.0200966025841147,True
dti,25,Q2,56557,0.27796736036211256,0.19547102601615673,0.1791801351748457,4.4820438021241475,7.39315638120196e-06,1.6290890841311023,True
dti,25,Q3,56557,0.1974291422812384,0.15341214400859754,0.14264942389460467,2.895519170778777,0.0037853190794787037,1.0762720113992874,True
dti,25,Q4,56557,0.14995491274289655,0.11897181936092442,0.10514601880356103,3.794250336259389,0.00014809020611337759,1.382580055736339,True
dti,25,Q5 safest,56558,0.0903497294812405,0.07416829745596869,0.057941999689006374,4.679978633315093,2.8690481564497387e-06,1.6226297766962314,True
dti,30,Q1 riskiest,56558,0.22493723257540932,0.27204842005973906,0.24240350396934027,6.806673221535916,9.98814507447742e-12,2.964491609039879,True
dti,30,Q2,56557,0.1250243117562813,0.20548720124451986,0.18059653235258458,5.055775058567637,4.286463321575394e-07,2.489066889193528,True
dti,30,Q3,56557,0.08464027441342363,0.16670148318362232,0.14274676453544524,4.506429504315155,6.592757450122075e-06,2.3954718648177082,True
dti,30,Q4,56557,0.06308679739024348,0.1264013452914798,0.10592764536035781,3.826040978866677,0.00013022062180060272,2.0473699931122,True
dti,30,Q5 safest,56558,0.03454860497188727,0.09109518935516889,0.05827411911215295,6.030550766661294,1.6340182892425035e-09,3.2821070243015935,True
dti,35,Q1 riskiest,56558,0.07348208918278581,0.2762271414821944,0.2469180565627266,4.205382287230055,2.606412186180145e-05,2.9309084919467794,True
dti,35,Q2,56557,0.04094983821631275,0.22409326424870465,0.1819841079626113,5.124827392050935,2.9781044626192786e-07,4.210915628609335,True
dti,35,Q3,56557,0.02636278444754849,0.19047619047619047,0.14353684669305924,5.082627849651559,3.722485885388521e-07,4.693934378313122,True
dti,35,Q4,56557,0.020085931007655992,0.1487676056338028,0.10636762238140778,4.572355910348586,4.822708545119585e-06,4.239998325239504,True
dti,35,Q5 safest,56558,0.010042787934509707,0.11795774647887323,0.05881407394177532,5.932905361353702,2.9762042058986475e-09,5.914367253709791,True
dti_post,20,Q1 riskiest,56558,0.9377630043495173,0.2511972547984464,0.21704545454545454,4.537013003772316,5.705658971205172e-06,3.415180025299186,True
dti_post,20,Q2,56557,0.8081758226214262,0.18609433797147107,0.17365655820812978,3.0074845698276342,0.0026341949714371914,1.2437779763341288,True
dti_post,20,Q3,56557,0.6827271602100535,0.1476445756610468,0.13859786000891663,2.8456930553943605,0.004431488808697754,0.9046715652130166,True
dti_post,20,Q4,56557,0.5813427161978181,0.11140849782535965,0.10140214545147394,3.7945091064396657,0.00014793585259248755,1.000635237388571,True
dti_post,20,Q5 safest,56558,0.4759185261147848,0.06256269272207156,0.05654330150804629,3.0244196670017907,0.0024911061876857752,0.6019391214025269,True
dti_post,25,Q1 riskiest,56558,0.8441953392977121,0.2545344112595819,0.2194734453018611,6.992317487043831,2.703821419989217e-12,3.5060965957720818,True
dti_post,25,Q2,56557,0.6283749138037732,0.18754044852134275,0.17722904177371776,3.0601012445819005,0.0022126218061719032,1.0311406747624985,True
dti_post,25,Q3,56557,0.4770585427091253,0.1491419888069382,0.14078982959156072,2.819474787616874,0.004810230966378227,0.8352159215377492,True
dti_post,25,Q4,56557,0.3803596371801899,0.11203049460766085,0.10426594378656014,2.8974620895407837,0.003761952016582535,0.7764550821100711,True
dti_post,25,Q5 safest,56558,0.2718271508893525,0.06504488096786783,0.057303807303807304,3.4648834588756827,0.0005304612996138298,0.7741073664060523,True
dti_post,30,Q1 riskiest,56558,0.6871883729976308,0.259635671280811,0.22586479764865475,8.61008036943879,7.300937254146746e-18,3.377087363215625,True
dti_post,30,Q2,56557,0.4272327032904857,0.18954600008277117,0.17935420139532013,3.096193781158925,0.001960222116011402,1.0191798687451041,True
dti_post,30,Q3,56557,0.2935092031048323,0.14933734939759036,0.14287859448907575,1.9877876886726609,0.046835175900277026,0.6458754908514608,True
dti_post,30,Q4,56557,0.2202203087151016,0.11609795262946608,0.10471180445331278,3.6268186340577038,0.0002869346843539121,1.13861481761533,True
dti_post,30,Q5 safest,56558,0.13584285158598253,0.07015488741377066,0.05771867007672634,4.28673696118771,1.8131677617639276e-05,1.2436217337044315,True
dti_post,35,Q1 riskiest,56558,0.49103575091056967,0.26476307071870947,0.23393316195372751,8.475356975968333,2.3435977985081755e-17,3.0829908764981955,True
dti_post,35,Q2,56557,0.24852803366515197,0.192942515651679,0.18065457283358038,3.26121335153646,0.0011093653485507596,1.2287942818098614,True
dti_post,35,Q3,56557,0.15824743179447284,0.15486033519553072,0.1428781481714874,2.955654936222854,0.0031200594376678023,1.1982187024043327,True
dti_post,35,Q4,56557,0.11294799936347402,0.11756418284283031,0.10590205106739221,2.8374362909245594,0.004547742166241906,1.1662131775438094,True
dti_post,35,Q5 safest,56558,0.05832950245765409,0.07850863898150955,0.05822490095570702,4.782614596575971,1.7302968342541297e-06,2.028373802580253,True
dti_post,40,Q1 riskiest,56558,0.29240779376922804,0.2690168097714355,0.2408295852073963,7.050564216637567,1.7819375257979526e-12,2.818722456403919,True
dti_post,40,Q2,56557,0.12000282900436728,0.19846765875939296,0.18169580068314245,3.347137127237315,0.0008165080939485585,1.6771858076250505,True
dti_post,40,Q3,56557,0.0701593083084322,0.1610383064516129,0.14354712962786895,3.0194165370338717,0.002532620639796937,1.749117682374396,True
dti_post,40,Q4,56557,0.047067560160545995,0.1318557475582269,0.10600241209759718,4.208650323730058,2.5690059365839853e-05,2.585333546062972,True
dti_post,40,Q5 safest,56558,0.020227023586406875,0.10139860139860139,0.05854116288302595,6.069860411158811,1.2802147603924236e-09,4.285743851557545,True
dti_post,45,Q1 riskiest,56558,0.13808833409950846,0.27323943661971833,0.24519980306884384,5.319462759299138,1.0407411300864442e-07,2.803963355087449,True
dti_post,45,Q2,56557,0.044238555793270504,0.19984012789768185,0.18296179816853206,2.1313787758954,0.033057949944844046,1.6878329729149795,True
dti_post,45,Q3,56557,0.022614353660908464,0.181391712275215,0.1439270595897102,3.7644701248017736,0.00016690262007161463,3.7464652685504807,True
dti_post,45,Q4,56557,0.014427922273105008,0.1323529411764706,0.10685133025959348,2.3374809023989624,0.019414192811540384,2.550161091687711,True
dti_post,45,Q5 safest,56558,0.004437922133031578,0.10756972111553785,0.05919335073791891,3.2350505142619674,0.0012162121168433693,4.837637037761894,True
