dimension,segment,baseline_bad_rate,first_breach_quarter,latest_quarter,latest_bad_rate,latest_vs_baseline_pp,loans_total
fico_band,<680,0.16792888478411452,2012Q1,2015Q4,0.19454230793003277,2.661342314591825,212923
grade,B,0.1060436289786057,2012Q1,2015Q4,0.12106726653544538,1.5023637556839677,202223
fico_band,720-749,0.08078518108930052,2012Q1,2015Q4,0.09045323047251688,0.9668049383216359,68407
verification_status,Verified,0.1323874899052933,2012Q2,2015Q4,0.18948781495249897,5.710032504720567,177475
grade,C,0.15947391241508888,2012Q2,2015Q4,0.2013942348815328,4.192032246644392,155985
grade,F,0.2559774964838256,2014Q1,2015Q4,0.4155844155844156,15.960691910059,4049
purpose,major_purchase,0.10235690235690235,2014Q1,2015Q4,0.14031300593631948,3.795610357941713,11198
dti_band,30+,0.16894373439106802,2014Q3,2015Q4,0.21162046908315565,4.267673469208763,48682
purpose,moving,0.15555555555555556,2014Q3,2015Q4,0.19306930693069307,3.751375137513752,4139
verification_status,Source Verified,0.12697795071335927,2014Q3,2015Q4,0.14315157839812157,1.6173627684762297,210743
grade,E,0.23025335320417287,2014Q4,2015Q4,0.35260115606936415,12.234780286519129,20516
grade,D,0.2058898586229776,2014Q4,2015Q4,0.2753623188405797,6.947246021760211,72771
purpose,debt_consolidation,0.1308091603053435,2014Q4,2015Q4,0.1570962888665998,2.6287128561256283,337538
purpose,car,0.1,2015Q1,2015Q4,0.13213885778275475,3.213885778275474,5914
purpose,home_improvement,0.11078153211245809,2015Q2,2015Q4,0.13996221878756654,2.918068667510845,33553
grade,G,0.20512820512820512,,2015Q4,0.5806451612903226,37.55169561621175,462
purpose,house,0.132334581772784,,2015Q4,0.24113475177304963,10.880017000026562,2316
purpose,renewable_energy,0.17757009345794392,,2015Q4,0.2222222222222222,4.465212876427829,394
purpose,medical,0.16210214655810512,,2015Q4,0.1839863713798978,2.188422482179267,6380
dti_band,20-30,0.1516260162601626,,2015Q4,0.16805703575759803,1.6431019497435444,177063
fico_band,700-719,0.10477985266403975,,2015Q4,0.12094653812445223,1.6166685460412487,105841
fico_band,680-699,0.1384808771153891,,2015Q4,0.1543447262671218,1.5863849151732723,162615
dti_band,<10,0.09980994822727571,,2015Q4,0.11549153399039677,1.5681585763121064,111796
purpose,credit_card,0.10850073771422086,,2015Q4,0.12147149094367354,1.297075322945268,145936
dti_band,10-20,0.11960399709639057,,2015Q4,0.13076559940018329,1.116160230379272,251708
purpose,vacation,0.1543859649122807,,2015Q4,0.16498316498316498,1.0597200070884272,3990
purpose,small_business,0.2198480531813865,,2015Q4,0.22903629536921152,0.9188242187825019,6163
fico_band,750+,0.05215879455230368,,2015Q4,0.054365983295368264,0.2207188743064581,39463
grade,A,0.05595109672779576,,2015Q4,0.05276220240830959,-0.31888943194861713,133243
purpose,other,0.16725426597094908,,2015Q4,0.16398954053044454,-0.32647254405045456,30553
verification_status,Not Verified,0.12211446523698949,,2015Q4,0.0999144811858609,-2.219998405112859,201031
purpose,wedding,0.12811693895098883,,2015Q3,0.0,-12.811693895098882,1174
