issue_q,issue_year,mob,cohort_loans,new_defaults,cum_defaults,cum_default_rate
2012Q1,2012,1,6498,13,13.0,0.0020006155740227762
2012Q1,2012,2,6498,11,24.0,0.003693444136657433
2012Q1,2012,3,6498,16,40.0,0.006155740227762389
2012Q1,2012,4,6498,16,56.0,0.008618036318867343
2012Q1,2012,5,6498,21,77.0,0.011849799938442597
2012Q1,2012,6,6498,28,105.0,0.016158818097876268
2012Q1,2012,7,6498,18,123.0,0.018928901200369344
2012Q1,2012,8,6498,41,164.0,0.02523853493382579
2012Q1,2012,9,6498,40,204.0,0.03139427516158818
2012Q1,2012,10,6498,38,242.0,0.03724222837796245
2012Q1,2012,11,6498,24,266.0,0.04093567251461988
2012Q1,2012,12,6498,31,297.0,0.045706371191135735
2012Q1,2012,13,6498,30,327.0,0.050323176361957524
2012Q1,2012,14,6498,28,355.0,0.054632194521391196
2012Q1,2012,15,6498,24,379.0,0.05832563865804863
2012Q1,2012,16,6498,16,395.0,0.06078793474915359
2012Q1,2012,17,6498,34,429.0,0.06602031394275161
2012Q1,2012,18,6498,31,460.0,0.07079101261926747
2012Q1,2012,19,6498,33,493.0,0.07586949830717143
2012Q1,2012,20,6498,39,532.0,0.08187134502923976
2012Q1,2012,21,6498,32,564.0,0.08679593721144968
2012Q1,2012,22,6498,22,586.0,0.09018159433671899
2012Q1,2012,23,6498,30,616.0,0.09479839950754078
2012Q1,2012,24,6498,23,639.0,0.09833795013850416
2012Q1,2012,25,6498,23,662.0,0.10187750076946753
2012Q1,2012,26,6498,21,683.0,0.10510926438904278
2012Q1,2012,27,6498,10,693.0,0.10664819944598337
2012Q1,2012,28,6498,18,711.0,0.10941828254847645
2012Q1,2012,29,6498,26,737.0,0.113419513696522
2012Q1,2012,30,6498,25,762.0,0.1172668513388735
2012Q1,2012,31,6498,18,780.0,0.12003693444136658
2012Q1,2012,32,6498,17,797.0,0.12265312403816558
2012Q1,2012,33,6498,16,813.0,0.12511542012927054
2012Q1,2012,34,6498,12,825.0,0.12696214219759927
2012Q1,2012,35,6498,18,843.0,0.12973222530009235
2012Q1,2012,36,6498,15,858.0,0.13204062788550322
2012Q2,2012,1,8469,5,5.0,0.0005903884756169559
2012Q2,2012,2,8469,7,12.0,0.0014169323414806943
2012Q2,2012,3,8469,27,39.0,0.004605030109812256
2012Q2,2012,4,8469,29,68.0,0.008029283268390601
2012Q2,2012,5,8469,45,113.0,0.013342779548943204
2012Q2,2012,6,8469,32,145.0,0.01712126579289172
2012Q2,2012,7,8469,33,178.0,0.02101782973196363
2012Q2,2012,8,8469,38,216.0,0.025504782146652496
2012Q2,2012,9,8469,44,260.0,0.030700200732081708
2012Q2,2012,10,8469,44,304.0,0.035895619317510924
2012Q2,2012,11,8469,40,344.0,0.04061872712244657
2012Q2,2012,12,8469,50,394.0,0.04652261187861613
2012Q2,2012,13,8469,50,444.0,0.05242649663478569
2012Q2,2012,14,8469,45,489.0,0.057739992915338295
2012Q2,2012,15,8469,53,542.0,0.06399811075687803
2012Q2,2012,16,8469,41,583.0,0.06883929625693706
2012Q2,2012,17,8469,47,630.0,0.07438894792773645
2012Q2,2012,18,8469,44,674.0,0.07958436651316567
2012Q2,2012,19,8469,43,717.0,0.08466170740347148
2012Q2,2012,20,8469,38,755.0,0.08914865981816035
2012Q2,2012,21,8469,36,791.0,0.09339945684260244
2012Q2,2012,22,8469,31,822.0,0.09705986539142757
2012Q2,2012,23,8469,34,856.0,0.10107450702562286
2012Q2,2012,24,8469,36,892.0,0.10532530405006495
2012Q2,2012,25,8469,33,925.0,0.10922186798913686
2012Q2,2012,26,8469,29,954.0,0.1126461211477152
2012Q2,2012,27,8469,29,983.0,0.11607037430629354
2012Q2,2012,28,8469,37,1020.0,0.12043924902585902
2012Q2,2012,29,8469,34,1054.0,0.12445389066005431
2012Q2,2012,30,8469,23,1077.0,0.1271696776478923
2012Q2,2012,31,8469,31,1108.0,0.13083008619671743
2012Q2,2012,32,8469,17,1125.0,0.13283740701381508
2012Q2,2012,33,8469,18,1143.0,0.13496280552603612
2012Q2,2012,34,8469,23,1166.0,0.13767859251387413
2012Q2,2012,35,8469,15,1181.0,0.139449757940725
2012Q2,2012,36,8469,24,1205.0,0.14228362262368638
2012Q3,2012,1,13322,10,10.0,0.0007506380423359856
2012Q3,2012,2,13322,21,31.0,0.0023269779312415553
2012Q3,2012,3,13322,43,74.0,0.005554721513286293
2012Q3,2012,4,13322,39,113.0,0.008482209878396638
2012Q3,2012,5,13322,57,170.0,0.012760846719711755
2012Q3,2012,6,13322,62,232.0,0.017414802582194865
2012Q3,2012,7,13322,67,299.0,0.02244407746584597
2012Q3,2012,8,13322,57,356.0,0.026722714307161086
2012Q3,2012,9,13322,62,418.0,0.0313766701696442
2012Q3,2012,10,13322,67,485.0,0.0364059450532953
2012Q3,2012,11,13322,82,567.0,0.04256117700045038
2012Q3,2012,12,13322,91,658.0,0.04939198318570785
2012Q3,2012,13,13322,84,742.0,0.05569734274133013
2012Q3,2012,14,13322,73,815.0,0.061177000450382824
2012Q3,2012,15,13322,76,891.0,0.06688184957213632
2012Q3,2012,16,13322,73,964.0,0.07236150728118901
2012Q3,2012,17,13322,53,1017.0,0.07633988890556974
2012Q3,2012,18,13322,61,1078.0,0.08091878096381924
2012Q3,2012,19,13322,65,1143.0,0.08579792823900315
2012Q3,2012,20,13322,65,1208.0,0.09067707551418706
2012Q3,2012,21,13322,51,1259.0,0.09450532953010059
2012Q3,2012,22,13322,63,1322.0,0.0992343491968173
2012Q3,2012,23,13322,54,1376.0,0.10328779462543161
2012Q3,2012,24,13322,44,1420.0,0.10659060201170996
2012Q3,2012,25,13322,54,1474.0,0.11064404744032427
2012Q3,2012,26,13322,52,1526.0,0.1145473652604714
2012Q3,2012,27,13322,50,1576.0,0.11830055547215133
2012Q3,2012,28,13322,45,1621.0,0.12167842666266326
2012Q3,2012,29,13322,35,1656.0,0.12430565981083921
2012Q3,2012,30,13322,40,1696.0,0.12730821198018316
2012Q3,2012,31,13322,42,1738.0,0.1304608917579943
2012Q3,2012,32,13322,30,1768.0,0.13271280588500226
2012Q3,2012,33,13322,28,1796.0,0.13481459240354302
2012Q3,2012,34,13322,27,1823.0,0.13684131511785017
2012Q3,2012,35,13322,33,1856.0,0.13931842065755892
2012Q3,2012,36,13322,35,1891.0,0.14194565380573487
2012Q4,2012,1,15181,23,23.0,0.0015150517093735591
2012Q4,2012,2,15181,18,41.0,0.0027007443514919967
2012Q4,2012,3,15181,20,61.0,0.004018180620512483
2012Q4,2012,4,15181,35,96.0,0.006323694091298334
2012Q4,2012,5,15181,56,152.0,0.010012515644555695
2012Q4,2012,6,15181,47,199.0,0.013108490876753837
2012Q4,2012,7,15181,58,257.0,0.016929056056913246
2012Q4,2012,8,15181,72,329.0,0.021671826625386997
2012Q4,2012,9,15181,58,387.0,0.025492391805546407
2012Q4,2012,10,15181,84,471.0,0.031025624135432448
2012Q4,2012,11,15181,95,566.0,0.037283446413279756
2012Q4,2012,12,15181,83,649.0,0.04275080692971477
2012Q4,2012,13,15181,66,715.0,0.04709834661748238
2012Q4,2012,14,15181,66,781.0,0.05144588630524998
2012Q4,2012,15,15181,61,842.0,0.055464066925762466
2012Q4,2012,16,15181,58,900.0,0.05928463210592188
2012Q4,2012,17,15181,48,948.0,0.06244647915157104
2012Q4,2012,18,15181,67,1015.0,0.06685989065278967
2012Q4,2012,19,15181,83,1098.0,0.07232725116922469
2012Q4,2012,20,15181,50,1148.0,0.07562084184177591
2012Q4,2012,21,15181,74,1222.0,0.0804953560371517
2012Q4,2012,22,15181,77,1299.0,0.08556748567288057
2012Q4,2012,23,15181,79,1378.0,0.0907713589355115
2012Q4,2012,24,15181,49,1427.0,0.09399907779461168
2012Q4,2012,25,15181,53,1480.0,0.09749028390751598
2012Q4,2012,26,15181,59,1539.0,0.10137672090112641
2012Q4,2012,27,15181,41,1580.0,0.1040774652526184
2012Q4,2012,28,15181,54,1634.0,0.10763454317897372
2012Q4,2012,29,15181,44,1678.0,0.11053290297081879
2012Q4,2012,30,15181,42,1720.0,0.1132995191357618
2012Q4,2012,31,15181,47,1767.0,0.11639549436795996
2012Q4,2012,32,15181,41,1808.0,0.11909623871945195
2012Q4,2012,33,15181,44,1852.0,0.12199459851129701
2012Q4,2012,34,15181,35,1887.0,0.12430011198208286
2012Q4,2012,35,15181,18,1905.0,0.1254858046242013
2012Q4,2012,36,15181,44,1949.0,0.1283841644160464
2013Q1,2013,1,17988,14,14.0,0.000778296642205915
2013Q1,2013,2,17988,20,34.0,0.001890148988214365
2013Q1,2013,3,17988,22,56.0,0.00311318656882366
2013Q1,2013,4,17988,57,113.0,0.006281965754947743
2013Q1,2013,5,17988,55,168.0,0.009339559706470981
2013Q1,2013,6,17988,66,234.0,0.013008672448298866
2013Q1,2013,7,17988,74,308.0,0.01712252612853013
2013Q1,2013,8,17988,78,386.0,0.021458750277963085
2013Q1,2013,9,17988,83,469.0,0.026072937513898154
2013Q1,2013,10,17988,77,546.0,0.030353569046030687
2013Q1,2013,11,17988,73,619.0,0.03441183010896153
2013Q1,2013,12,17988,82,701.0,0.038970424727596174
2013Q1,2013,13,17988,76,777.0,0.04319546364242829
2013Q1,2013,14,17988,82,859.0,0.04775405826106293
2013Q1,2013,15,17988,85,944.0,0.052479430731598845
2013Q1,2013,16,17988,81,1025.0,0.05698243273293307
2013Q1,2013,17,17988,94,1119.0,0.06220813875917278
2013Q1,2013,18,17988,102,1221.0,0.06787858572381587
2013Q1,2013,19,17988,97,1318.0,0.07327106960195685
2013Q1,2013,20,17988,73,1391.0,0.0773293306648877
2013Q1,2013,21,17988,78,1469.0,0.08166555481432065
2013Q1,2013,22,17988,77,1546.0,0.0859461863464532
2013Q1,2013,23,17988,57,1603.0,0.08911496553257728
2013Q1,2013,24,17988,81,1684.0,0.0936179675339115
2013Q1,2013,25,17988,73,1757.0,0.09767622859684234
2013Q1,2013,26,17988,60,1817.0,0.10101178563486769
2013Q1,2013,27,17988,52,1869.0,0.10390260173448966
2013Q1,2013,28,17988,49,1918.0,0.10662663998221036
2013Q1,2013,29,17988,61,1979.0,0.11001778963753614
2013Q1,2013,30,17988,62,2041.0,0.11346453191016233
2013Q1,2013,31,17988,49,2090.0,0.11618857015788303
2013Q1,2013,32,17988,47,2137.0,0.1188014231710029
2013Q1,2013,33,17988,43,2180.0,0.12119190571492106
2013Q1,2013,34,17988,31,2211.0,0.12291527685123416
2013Q1,2013,35,17988,24,2235.0,0.1242494996664443
2013Q1,2013,36,17988,29,2264.0,0.12586168556815655
2013Q2,2013,1,23136,16,16.0,0.0006915629322268327
2013Q2,2013,2,23136,33,49.0,0.002117911479944675
2013Q2,2013,3,23136,51,100.0,0.004322268326417704
2013Q2,2013,4,23136,67,167.0,0.007218188105117566
2013Q2,2013,5,23136,67,234.0,0.010114107883817428
2013Q2,2013,6,23136,85,319.0,0.013788035961272475
2013Q2,2013,7,23136,85,404.0,0.017461964038727525
2013Q2,2013,8,23136,99,503.0,0.02174100968188105
2013Q2,2013,9,23136,99,602.0,0.02602005532503458
2013Q2,2013,10,23136,122,724.0,0.03129322268326418
2013Q2,2013,11,23136,92,816.0,0.035269709543568464
2013Q2,2013,12,23136,108,924.0,0.03993775933609958
2013Q2,2013,13,23136,92,1016.0,0.04391424619640387
2013Q2,2013,14,23136,128,1144.0,0.04944674965421853
2013Q2,2013,15,23136,130,1274.0,0.05506569847856155
2013Q2,2013,16,23136,134,1408.0,0.06085753803596127
2013Q2,2013,17,23136,99,1507.0,0.0651365836791148
2013Q2,2013,18,23136,93,1600.0,0.06915629322268327
2013Q2,2013,19,23136,121,1721.0,0.07438623789764869
2013Q2,2013,20,23136,78,1799.0,0.0777576071922545
2013Q2,2013,21,23136,84,1883.0,0.08138831258644537
2013Q2,2013,22,23136,91,1974.0,0.08532157676348548
2013Q2,2013,23,23136,95,2069.0,0.0894277316735823
2013Q2,2013,24,23136,93,2162.0,0.09344744121715076
2013Q2,2013,25,23136,97,2259.0,0.09764004149377593
2013Q2,2013,26,23136,100,2359.0,0.10196230982019364
2013Q2,2013,27,23136,85,2444.0,0.10563623789764869
2013Q2,2013,28,23136,93,2537.0,0.10965594744121715
2013Q2,2013,29,23136,75,2612.0,0.11289764868603043
2013Q2,2013,30,23136,66,2678.0,0.11575034578146612
2013Q2,2013,31,23136,61,2739.0,0.11838692946058091
2013Q2,2013,32,23136,61,2800.0,0.12102351313969571
2013Q2,2013,33,23136,40,2840.0,0.12275242047026279
2013Q2,2013,34,23136,43,2883.0,0.12461099585062241
2013Q2,2013,35,23136,32,2915.0,0.12599412171507607
2013Q2,2013,36,23136,55,2970.0,0.1283713692946058
2013Q3,2013,1,27318,31,31.0,0.0011347829270078338
2013Q3,2013,2,27318,40,71.0,0.0025990189618566514
2013Q3,2013,3,27318,62,133.0,0.004868584815872319
2013Q3,2013,4,27318,79,212.0,0.0077604509846987335
2013Q3,2013,5,27318,75,287.0,0.010505893550040267
2013Q3,2013,6,27318,62,349.0,0.012775459404055934
2013Q3,2013,7,27318,92,441.0,0.016143202284208215
2013Q3,2013,8,27318,109,550.0,0.020133245479171242
2013Q3,2013,9,27318,111,661.0,0.024196500475876712
2013Q3,2013,10,27318,115,776.0,0.028406179076067063
2013Q3,2013,11,27318,133,909.0,0.03327476389193938
2013Q3,2013,12,27318,124,1033.0,0.03781389559997071
2013Q3,2013,13,27318,149,1182.0,0.04326817482978256
2013Q3,2013,14,27318,146,1328.0,0.048612636356980744
2013Q3,2013,15,27318,126,1454.0,0.05322497986675452
2013Q3,2013,16,27318,122,1576.0,0.05769089977304342
2013Q3,2013,17,27318,117,1693.0,0.06197379017497621
2013Q3,2013,18,27318,105,1798.0,0.06581740976645435
2013Q3,2013,19,27318,126,1924.0,0.07042975327622812
2013Q3,2013,20,27318,122,2046.0,0.07489567318251703
2013Q3,2013,21,27318,109,2155.0,0.07888571637748006
2013Q3,2013,22,27318,112,2267.0,0.08298557727505675
2013Q3,2013,23,27318,108,2375.0,0.08693901456914854
2013Q3,2013,24,27318,111,2486.0,0.09100226956585401
2013Q3,2013,25,27318,111,2597.0,0.09506552456255948
2013Q3,2013,26,27318,104,2701.0,0.09887253825316641
2013Q3,2013,27,27318,86,2787.0,0.10202064572809137
2013Q3,2013,28,27318,77,2864.0,0.10483930009517534
2013Q3,2013,29,27318,63,2927.0,0.10714547185006223
2013Q3,2013,30,27318,57,2984.0,0.1092320081997218
2013Q3,2013,31,27318,73,3057.0,0.11190423896332088
2013Q3,2013,32,27318,72,3129.0,0.11453986382604876
2013Q3,2013,33,27318,55,3184.0,0.11655318837396589
2013Q3,2013,34,27318,54,3238.0,0.1185299070210118
2013Q3,2013,35,27318,46,3284.0,0.12021377846108793
2013Q3,2013,36,27318,52,3336.0,0.12211728530639139
2013Q4,2013,1,31980,19,19.0,0.0005941213258286429
2013Q4,2013,2,31980,29,48.0,0.00150093808630394
2013Q4,2013,3,31980,56,104.0,0.0032520325203252032
2013Q4,2013,4,31980,47,151.0,0.004721701063164478
2013Q4,2013,5,31980,71,222.0,0.006941838649155723
2013Q4,2013,6,31980,83,305.0,0.009537210756722952
2013Q4,2013,7,31980,117,422.0,0.013195747342088806
2013Q4,2013,8,31980,125,547.0,0.01710444027517198
2013Q4,2013,9,31980,136,683.0,0.02135709818636648
2013Q4,2013,10,31980,141,824.0,0.025766103814884304
2013Q4,2013,11,31980,139,963.0,0.030112570356472794
2013Q4,2013,12,31980,152,1115.0,0.03486554096310194
2013Q4,2013,13,31980,153,1268.0,0.039649781113195746
2013Q4,2013,14,31980,140,1408.0,0.044027517198248906
2013Q4,2013,15,31980,116,1524.0,0.04765478424015009
2013Q4,2013,16,31980,125,1649.0,0.05156347717323327
2013Q4,2013,17,31980,135,1784.0,0.055784865540963104
2013Q4,2013,18,31980,167,1951.0,0.06100687929956223
2013Q4,2013,19,31980,133,2084.0,0.06516572858036272
2013Q4,2013,20,31980,120,2204.0,0.06891807379612258
2013Q4,2013,21,31980,158,2362.0,0.07385866166353972
2013Q4,2013,22,31980,145,2507.0,0.0783927454659162
2013Q4,2013,23,31980,146,2653.0,0.08295809881175735
2013Q4,2013,24,31980,121,2774.0,0.08674171357098186
2013Q4,2013,25,31980,118,2892.0,0.09043151969981238
2013Q4,2013,26,31980,99,2991.0,0.09352720450281427
2013Q4,2013,27,31980,88,3079.0,0.09627892432770481
2013Q4,2013,28,31980,100,3179.0,0.09940587867417136
2013Q4,2013,29,31980,82,3261.0,0.10196998123827392
2013Q4,2013,30,31980,103,3364.0,0.10519074421513445
2013Q4,2013,31,31980,91,3455.0,0.10803627267041901
2013Q4,2013,32,31980,76,3531.0,0.11041275797373358
2013Q4,2013,33,31980,80,3611.0,0.11291432145090681
2013Q4,2013,34,31980,70,3681.0,0.1151031894934334
2013Q4,2013,35,31980,64,3745.0,0.11710444027517199
2013Q4,2013,36,31980,63,3808.0,0.11907442151344591
2014Q1,2014,1,34074,21,21.0,0.0006163056876210601
2014Q1,2014,2,34074,28,49.0,0.0014380466044491402
2014Q1,2014,3,34074,51,100.0,0.0029347889886717146
2014Q1,2014,4,34074,68,168.0,0.0049304455009684806
2014Q1,2014,5,34074,96,264.0,0.007747842930093327
2014Q1,2014,6,34074,121,385.0,0.011298937606386101
2014Q1,2014,7,34074,135,520.0,0.015260902741092916
2014Q1,2014,8,34074,149,669.0,0.01963373833421377
2014Q1,2014,9,34074,136,805.0,0.0236250513588073
2014Q1,2014,10,34074,155,960.0,0.02817397429124846
2014Q1,2014,11,34074,134,1094.0,0.032106591536068554
2014Q1,2014,12,34074,160,1254.0,0.0368022539179433
2014Q1,2014,13,34074,135,1389.0,0.04076421905265012
2014Q1,2014,14,34074,183,1572.0,0.046134882901919354
2014Q1,2014,15,34074,155,1727.0,0.05068380583436051
2014Q1,2014,16,34074,161,1888.0,0.05540881610612197
2014Q1,2014,17,34074,165,2053.0,0.060251217937430296
2014Q1,2014,18,34074,163,2216.0,0.0650349239889652
2014Q1,2014,19,34074,194,2410.0,0.07072841462698833
2014Q1,2014,20,34074,167,2577.0,0.07562951223807009
2014Q1,2014,21,34074,166,2743.0,0.08050126195926513
2014Q1,2014,22,34074,151,2894.0,0.08493279333215942
2014Q1,2014,23,34074,143,3037.0,0.08912954158595997
2014Q1,2014,24,34074,128,3165.0,0.09288607149145976
2014Q1,2014,25,34074,148,3313.0,0.09722955919469391
2014Q1,2014,26,34074,124,3437.0,0.10086869754064683
2014Q1,2014,27,34074,127,3564.0,0.1045958795562599
2014Q1,2014,28,34074,107,3671.0,0.10773610377413864
2014Q1,2014,29,34074,109,3780.0,0.1109350237717908
2014Q1,2014,30,34074,112,3892.0,0.11422198743910313
2014Q1,2014,31,34074,108,4000.0,0.11739155954686858
2014Q1,2014,32,34074,86,4086.0,0.11991547807712626
2014Q1,2014,33,34074,89,4175.0,0.12252744027704408
2014Q1,2014,34,34074,72,4247.0,0.12464048834888772
2014Q1,2014,35,34074,49,4296.0,0.12607853495333685
2014Q1,2014,36,34074,88,4384.0,0.12866114926336797
2014Q2,2014,1,37881,18,18.0,0.0004751722499406035
2014Q2,2014,2,37881,48,66.0,0.0017422982497822127
2014Q2,2014,3,37881,56,122.0,0.00322061191626409
2014Q2,2014,4,37881,109,231.0,0.006098043874237745
2014Q2,2014,5,37881,137,368.0,0.009714632665452338
2014Q2,2014,6,37881,126,494.0,0.013040838415036561
2014Q2,2014,7,37881,152,646.0,0.017053404081201658
2014Q2,2014,8,37881,167,813.0,0.021461946622317256
2014Q2,2014,9,37881,128,941.0,0.024840949288561547
2014Q2,2014,10,37881,161,1102.0,0.029091101079696945
2014Q2,2014,11,37881,176,1278.0,0.033737229745782846
2014Q2,2014,12,37881,216,1494.0,0.03943929674507009
2014Q2,2014,13,37881,217,1711.0,0.04516776220268736
2014Q2,2014,14,37881,195,1906.0,0.0503154615770439
2014Q2,2014,15,37881,213,2119.0,0.05593833320134104
2014Q2,2014,16,37881,228,2347.0,0.061957181700588684
2014Q2,2014,17,37881,200,2547.0,0.0672368733665954
2014Q2,2014,18,37881,196,2743.0,0.07241097119928196
2014Q2,2014,19,37881,166,2909.0,0.07679311528206753
2014Q2,2014,20,37881,176,3085.0,0.08143924394815343
2014Q2,2014,21,37881,136,3221.0,0.08502943428103799
2014Q2,2014,22,37881,139,3360.0,0.08869881998891264
2014Q2,2014,23,37881,135,3495.0,0.09226261186346717
2014Q2,2014,24,37881,153,3648.0,0.09630157598796231
2014Q2,2014,25,37881,175,3823.0,0.10092130619571817
2014Q2,2014,26,37881,157,3980.0,0.10506586415353343
2014Q2,2014,27,37881,167,4147.0,0.10947440669464903
2014Q2,2014,28,37881,134,4281.0,0.11301180011087353
2014Q2,2014,29,37881,162,4443.0,0.11728835036033895
2014Q2,2014,30,37881,134,4577.0,0.12082574377656345
2014Q2,2014,31,37881,118,4695.0,0.1239407618595074
2014Q2,2014,32,37881,99,4794.0,0.12655420923418073
2014Q2,2014,33,37881,94,4888.0,0.12903566431720387
2014Q2,2014,34,37881,79,4967.0,0.1311211425252765
2014Q2,2014,35,37881,69,5036.0,0.13294263615004884
2014Q2,2014,36,37881,95,5131.0,0.13545048969140203
2014Q3,2014,1,40595,25,25.0,0.000615839389087326
2014Q3,2014,2,40595,47,72.0,0.0017736174405714989
2014Q3,2014,3,40595,85,157.0,0.0038674713634684076
2014Q3,2014,4,40595,101,258.0,0.006355462495381205
2014Q3,2014,5,40595,121,379.0,0.009336125138563862
2014Q3,2014,6,40595,123,502.0,0.012366054932873507
2014Q3,2014,7,40595,172,674.0,0.01660302992979431
2014Q3,2014,8,40595,157,831.0,0.020470501293262718
2014Q3,2014,9,40595,205,1036.0,0.02552038428377879
2014Q3,2014,10,40595,196,1232.0,0.030348565094223425
2014Q3,2014,11,40595,210,1442.0,0.035521615962556964
2014Q3,2014,12,40595,260,1702.0,0.041926345609065156
2014Q3,2014,13,40595,241,1943.0,0.04786303731986698
2014Q3,2014,14,40595,211,2154.0,0.05306072176376401
2014Q3,2014,15,40595,214,2368.0,0.05833230693435152
2014Q3,2014,16,40595,181,2549.0,0.06279098411134376
2014Q3,2014,17,40595,198,2747.0,0.06766843207291538
2014Q3,2014,18,40595,177,2924.0,0.07202857494765365
2014Q3,2014,19,40595,181,3105.0,0.0764872521246459
2014Q3,2014,20,40595,176,3281.0,0.08082276142382067
2014Q3,2014,21,40595,170,3451.0,0.08501046926961449
2014Q3,2014,22,40595,202,3653.0,0.08998645153344008
2014Q3,2014,23,40595,218,3871.0,0.09535657100628156
2014Q3,2014,24,40595,188,4059.0,0.09998768321221825
2014Q3,2014,25,40595,207,4266.0,0.10508683335386132
2014Q3,2014,26,40595,184,4450.0,0.10961941125754403
2014Q3,2014,27,40595,156,4606.0,0.11346224904544895
2014Q3,2014,28,40595,139,4745.0,0.11688631604877447
2014Q3,2014,29,40595,109,4854.0,0.11957137578519522
2014Q3,2014,30,40595,120,4974.0,0.12252740485281438
2014Q3,2014,31,40595,116,5090.0,0.12538489961817958
2014Q3,2014,32,40595,107,5197.0,0.12802069220347334
2014Q3,2014,33,40595,91,5288.0,0.1302623475797512
2014Q3,2014,34,40595,83,5371.0,0.13230693435152113
2014Q3,2014,35,40595,58,5429.0,0.13373568173420372
2014Q3,2014,36,40595,104,5533.0,0.136297573592807
2014Q4,2014,1,50020,29,29.0,0.0005797680927628948
2014Q4,2014,2,50020,51,80.0,0.001599360255897641
2014Q4,2014,3,50020,90,170.0,0.003398640543782487
2014Q4,2014,4,50020,128,298.0,0.005957616953218713
2014Q4,2014,5,50020,159,457.0,0.009136345461815274
2014Q4,2014,6,50020,188,645.0,0.01289484206317473
2014Q4,2014,7,50020,258,903.0,0.018052778888444622
2014Q4,2014,8,50020,214,1117.0,0.022331067572970813
2014Q4,2014,9,50020,253,1370.0,0.0273890443822471
2014Q4,2014,10,50020,275,1645.0,0.03288684526189524
2014Q4,2014,11,50020,303,1948.0,0.038944422231107556
2014Q4,2014,12,50020,303,2251.0,0.04500199920031987
2014Q4,2014,13,50020,276,2527.0,0.05051979208316673
2014Q4,2014,14,50020,255,2782.0,0.05561775289884047
2014Q4,2014,15,50020,245,3027.0,0.06051579368252699
2014Q4,2014,16,50020,241,3268.0,0.06533386645341863
2014Q4,2014,17,50020,287,3555.0,0.07107157137145143
2014Q4,2014,18,50020,256,3811.0,0.07618952419032388
2014Q4,2014,19,50020,240,4051.0,0.0809876049580168
2014Q4,2014,20,50020,280,4331.0,0.08658536585365853
2014Q4,2014,21,50020,262,4593.0,0.09182327069172332
2014Q4,2014,22,50020,260,4853.0,0.09702119152339064
2014Q4,2014,23,50020,272,5125.0,0.10245901639344263
2014Q4,2014,24,50020,262,5387.0,0.1076969212315074
2014Q4,2014,25,50020,248,5635.0,0.11265493802479008
2014Q4,2014,26,50020,197,5832.0,0.11659336265493803
2014Q4,2014,27,50020,169,6001.0,0.1199720111955218
2014Q4,2014,28,50020,191,6192.0,0.1237904838064774
2014Q4,2014,29,50020,169,6361.0,0.12716913234706118
2014Q4,2014,30,50020,167,6528.0,0.1305077968812475
2014Q4,2014,31,50020,129,6657.0,0.13308676529388244
2014Q4,2014,32,50020,130,6787.0,0.13568572570971613
2014Q4,2014,33,50020,104,6891.0,0.13776489404238304
2014Q4,2014,34,50020,120,7011.0,0.14016393442622951
2014Q4,2014,35,50020,96,7107.0,0.14208316673330668
2014Q4,2014,36,50020,160,7267.0,0.14528188724510196
2015Q1,2015,1,56568,26,26.0,0.0004596238155847829
2015Q1,2015,2,56568,57,83.0,0.0014672606420591146
2015Q1,2015,3,56568,124,207.0,0.00365931268561731
2015Q1,2015,4,56568,152,359.0,0.006346344222882195
2015Q1,2015,5,56568,175,534.0,0.009439966058549003
2015Q1,2015,6,56568,210,744.0,0.013152312261349173
2015Q1,2015,7,56568,294,1038.0,0.01834959694526941
2015Q1,2015,8,56568,319,1357.0,0.023988827605713477
2015Q1,2015,9,56568,303,1660.0,0.029345212841182293
2015Q1,2015,10,56568,271,1931.0,0.03413590722670061
2015Q1,2015,11,56568,274,2205.0,0.03897963512940178
2015Q1,2015,12,56568,282,2487.0,0.04396478574459058
2015Q1,2015,13,56568,306,2793.0,0.04937420449724226
2015Q1,2015,14,56568,327,3120.0,0.05515485787017395
2015Q1,2015,15,56568,340,3460.0,0.06116532315089803
2015Q1,2015,16,56568,324,3784.0,0.06689294300664687
2015Q1,2015,17,56568,340,4124.0,0.07290340828737095
2015Q1,2015,18,56568,349,4473.0,0.07907297411964362
2015Q1,2015,19,56568,373,4846.0,0.08566680808937915
2015Q1,2015,20,56568,308,5154.0,0.09111158252015274
2015Q1,2015,21,56568,314,5468.0,0.09666242398529204
2015Q1,2015,22,56568,264,5732.0,0.10132937349738368
2015Q1,2015,23,56568,271,6003.0,0.106120067882902
2015Q1,2015,24,56568,257,6260.0,0.11066327252156696
2015Q1,2015,25,56568,255,6515.0,0.11517112148211003
2015Q1,2015,26,56568,214,6729.0,0.118954179041154
2015Q1,2015,27,56568,215,6944.0,0.12275491443925894
2015Q1,2015,28,56568,195,7139.0,0.12620209305614483
2015Q1,2015,29,56568,196,7335.0,0.12966694951209165
2015Q1,2015,30,56568,179,7514.0,0.13283128270400227
2015Q1,2015,31,56568,181,7695.0,0.1360309715740348
2015Q1,2015,32,56568,162,7857.0,0.1388947815019092
2015Q1,2015,33,56568,124,7981.0,0.1410868335454674
2015Q1,2015,34,56568,142,8123.0,0.14359708669212276
2015Q1,2015,35,56568,105,8228.0,0.14545325979352283
2015Q1,2015,36,56568,163,8391.0,0.1483347475604582
2015Q2,2015,1,64222,47,47.0,0.000731836442340631
2015Q2,2015,2,64222,78,125.0,0.0019463735168633802
2015Q2,2015,3,64222,123,248.0,0.003861605057456946
2015Q2,2015,4,64222,209,457.0,0.007115941577652518
2015Q2,2015,5,64222,237,694.0,0.010806265765625487
2015Q2,2015,6,64222,307,1001.0,0.015586559123041948
2015Q2,2015,7,64222,306,1307.0,0.020351281492323504
2015Q2,2015,8,64222,274,1581.0,0.02461773224128803
2015Q2,2015,9,64222,345,1926.0,0.029989723147830962
2015Q2,2015,10,64222,314,2240.0,0.034879013422191775
2015Q2,2015,11,64222,401,2641.0,0.041122979664289495
2015Q2,2015,12,64222,375,3016.0,0.046962100214879635
2015Q2,2015,13,64222,397,3413.0,0.05314378250443773
2015Q2,2015,14,64222,425,3838.0,0.05976145246177322
2015Q2,2015,15,64222,432,4270.0,0.06648811933605307
2015Q2,2015,16,64222,425,4695.0,0.07310578929338855
2015Q2,2015,17,64222,431,5126.0,0.07981688517953349
2015Q2,2015,18,64222,373,5499.0,0.08562486375385382
2015Q2,2015,19,64222,355,5854.0,0.09115256454174582
2015Q2,2015,20,64222,354,6208.0,0.09666469434150292
2015Q2,2015,21,64222,304,6512.0,0.10139827473451465
2015Q2,2015,22,64222,289,6801.0,0.10589829030550278
2015Q2,2015,23,64222,286,7087.0,0.1103515929120862
2015Q2,2015,24,64222,319,7406.0,0.11531873812712155
2015Q2,2015,25,64222,237,7643.0,0.11900906231509452
2015Q2,2015,26,64222,293,7936.0,0.12357136183862227
2015Q2,2015,27,64222,259,8195.0,0.1276042477655632
2015Q2,2015,28,64222,252,8447.0,0.13152813677555977
2015Q2,2015,29,64222,250,8697.0,0.13542088380928655
2015Q2,2015,30,64222,210,8907.0,0.13869079131761702
2015Q2,2015,31,64222,196,9103.0,0.1417427049920588
2015Q2,2015,32,64222,166,9269.0,0.14432748902245338
2015Q2,2015,33,64222,130,9399.0,0.1463517174799913
2015Q2,2015,34,64222,136,9535.0,0.14846937186633863
2015Q2,2015,35,64222,114,9649.0,0.15024446451371803
2015Q2,2015,36,64222,229,9878.0,0.15381022079661175
2015Q3,2015,1,73567,65,65.0,0.0008835483300936561
2015Q3,2015,2,73567,87,152.0,0.0020661437872959345
2015Q3,2015,3,73567,153,305.0,0.0041458806258240785
2015Q3,2015,4,73567,184,489.0,0.006647002052550736
2015Q3,2015,5,73567,221,710.0,0.009651066374869167
2015Q3,2015,6,73567,289,999.0,0.013579458180977885
2015Q3,2015,7,73567,307,1306.0,0.017752524909266383
2015Q3,2015,8,73567,350,1656.0,0.022510092840539914
2015Q3,2015,9,73567,378,2034.0,0.02764826620631533
2015Q3,2015,10,73567,414,2448.0,0.03327578941645031
2015Q3,2015,11,73567,449,2897.0,0.03937906941971264
2015Q3,2015,12,73567,459,3356.0,0.045618279935297074
2015Q3,2015,13,73567,489,3845.0,0.052265281987847814
2015Q3,2015,14,73567,474,4319.0,0.0587083882719154
2015Q3,2015,15,73567,467,4786.0,0.06505634319735751
2015Q3,2015,16,73567,414,5200.0,0.0706838664074925
2015Q3,2015,17,73567,410,5610.0,0.07625701741269862
2015Q3,2015,18,73567,362,5972.0,0.08117770195875869
2015Q3,2015,19,73567,393,6365.0,0.08651977109301726
2015Q3,2015,20,73567,365,6730.0,0.09148123479277394
2015Q3,2015,21,73567,371,7101.0,0.09652425679992388
2015Q3,2015,22,73567,321,7422.0,0.10088762624546332
2015Q3,2015,23,73567,344,7766.0,0.10556363586934359
2015Q3,2015,24,73567,332,8098.0,0.11007652887843734
2015Q3,2015,25,73567,319,8417.0,0.11441271222151236
2015Q3,2015,26,73567,296,8713.0,0.11843625538624655
2015Q3,2015,27,73567,260,8973.0,0.12197044870662117
2015Q3,2015,28,73567,244,9217.0,0.12528715320728043
2015Q3,2015,29,73567,245,9462.0,0.12861745075917191
2015Q3,2015,30,73567,204,9666.0,0.13139043321054278
2015Q3,2015,31,73567,179,9845.0,0.1338235893811084
2015Q3,2015,32,73567,162,10007.0,0.1360256636807264
2015Q3,2015,33,73567,157,10164.0,0.1381597727241834
2015Q3,2015,34,73567,150,10314.0,0.1401987304090149
2015Q3,2015,35,73567,145,10459.0,0.14216972283768536
2015Q3,2015,36,73567,266,10725.0,0.14578547446545326
2015Q4,2015,1,88430,63,63.0,0.0007124279090806288
2015Q4,2015,2,88430,101,164.0,0.001854574239511478
2015Q4,2015,3,88430,157,321.0,0.0036299898224584418
2015Q4,2015,4,88430,234,555.0,0.006276150627615063
2015Q4,2015,5,88430,295,850.0,0.009612122582833879
2015Q4,2015,6,88430,366,1216.0,0.013750989483207056
2015Q4,2015,7,88430,382,1598.0,0.018070790455727695
2015Q4,2015,8,88430,520,2118.0,0.023951147800520184
2015Q4,2015,9,88430,535,2653.0,0.03000113083795092
2015Q4,2015,10,88430,580,3233.0,0.036559990953296394
2015Q4,2015,11,88430,549,3782.0,0.042768291303856155
2015Q4,2015,12,88430,557,4339.0,0.049067058690489655
2015Q4,2015,13,88430,506,4845.0,0.054789098722153116
2015Q4,2015,14,88430,476,5321.0,0.06017188736854009
2015Q4,2015,15,88430,494,5815.0,0.06575822684609295
2015Q4,2015,16,88430,482,6297.0,0.07120886576953522
2015Q4,2015,17,88430,465,6762.0,0.07646726224132082
2015Q4,2015,18,88430,527,7289.0,0.08242677824267783
2015Q4,2015,19,88430,481,7770.0,0.08786610878661087
2015Q4,2015,20,88430,423,8193.0,0.09264955331900938
2015Q4,2015,21,88430,469,8662.0,0.09795318330883185
2015Q4,2015,22,88430,431,9093.0,0.10282709487730408
2015Q4,2015,23,88430,399,9492.0,0.1073391383014814
2015Q4,2015,24,88430,368,9860.0,0.111500621960873
2015Q4,2015,25,88430,380,10240.0,0.11579780617437521
2015Q4,2015,26,88430,322,10562.0,0.11943910437634286
2015Q4,2015,27,88430,279,10841.0,0.12259414225941423
2015Q4,2015,28,88430,268,11109.0,0.1256247879678842
2015Q4,2015,29,88430,287,11396.0,0.12887029288702928
2015Q4,2015,30,88430,260,11656.0,0.13181047155942555
2015Q4,2015,31,88430,268,11924.0,0.13484111726789552
2015Q4,2015,32,88430,221,12145.0,0.1373402691394323
2015Q4,2015,33,88430,243,12388.0,0.14008820536017189
2015Q4,2015,34,88430,229,12617.0,0.14267782426778242
2015Q4,2015,35,88430,187,12804.0,0.14479249123600588
2015Q4,2015,36,88430,291,13095.0,0.14808322967318782
