issue_q,issue_year,loans,funded_amnt,bad_rate,avg_fico,avg_dti,avg_int_rate,share_grade_d_or_worse,share_income_not_verified,realised_net_return,bad_rate_change_qoq,bad_rate_rolling_4q
2012Q1,2012,6498,77296100.0,0.13204062788550322,712.0692520775623,14.435015389350617,11.463678054786193,0.11588180978762697,0.3644198214835334,0.08647911072479,,0.13204062788550322
2012Q2,2012,8469,96339425.0,0.14228362262368638,706.6830204274413,15.16792891722749,12.207043334513461,0.1297673869406069,0.41516117605384345,0.09082766017414923,0.010242994738183159,0.1371621252545948
2012Q3,2012,13322,149058150.0,0.14194565380573487,702.0331406695691,17.167859180303232,12.853454436269395,0.1348896562077766,0.5343792223389882,0.09984690721535493,-0.00033796881795150613,0.1387566347716415
2012Q4,2012,15181,184977525.0,0.1283841644160464,698.5316184704565,17.326022001185745,13.15869771424625,0.1555233515578684,0.43817930307621367,0.11567138616603508,-0.013561489389688486,0.13616351718274272
2013Q1,2013,17988,245932525.0,0.12586168556815655,695.9699243940405,17.310450300200163,13.289686457636437,0.1551589948854792,0.4298421169668668,0.10953841779293544,-0.0025224788478898363,0.13461878160340604
2013Q2,2013,23136,283421075.0,0.1283713692946058,697.0769795988934,16.69145833333348,13.743235650068147,0.20759854771784234,0.4074170124481328,0.11204758538676543,0.0025096837264492466,0.1311407182711359
2013Q3,2013,27318,331272150.0,0.12211728530639139,697.0743831905703,16.507213558825708,13.419419796470745,0.20656709861629693,0.4195036239841862,0.1125003316164662,-0.006254083988214407,0.12618362614630005
2013Q4,2013,31980,411464100.0,0.11907442151344591,697.1943558474046,16.93853814884302,13.093657598496245,0.16016260162601625,0.32191994996873047,0.10844925645122289,-0.00304286379294548,0.12385619042064991
2014Q1,2014,34074,447347925.0,0.12866114926336797,694.0046369666021,17.119555672947147,13.019494629333494,0.16164817749603805,0.3210952632505723,0.10438190067122927,0.009586727749922058,0.12455605634445276
2014Q2,2014,37881,466990450.0,0.13545048969140203,695.2913861830469,16.93450885668273,12.651432644333042,0.17956231356088803,0.35104669887278583,0.09418751268180015,0.0067893404280340575,0.12632583644365183
2014Q3,2014,40595,509787900.0,0.136297573592807,696.0265057273064,17.66257100628157,12.468429363219899,0.2074886069713019,0.4201502648109373,0.08824938500239261,0.0008470839014049769,0.12987090851525573
2014Q4,2014,50020,621914475.0,0.14528188724510196,693.0770791683327,18.226331067572882,11.94447001199213,0.17996801279488206,0.3597361055577769,0.07780564262510115,0.008984313652294962,0.13642277494816973
2015Q1,2015,56568,728851550.0,0.1483347475604582,693.7645577004666,18.536061907792416,11.58801389477985,0.1700077782491868,0.3342525809645029,0.071723387966972,0.0030528603153562317,0.1413411745224423
2015Q2,2015,64222,815616325.0,0.15381022079661175,694.8337252032014,18.423706673725537,11.437330509796528,0.1731649590483012,0.3389181277443867,0.06493079543067198,0.00547547323615355,0.14593110729874473
2015Q3,2015,73567,952380750.0,0.14578547446545326,696.4882963828891,18.435038944091772,11.28210583549658,0.15867168703358844,0.29159813503337095,0.06793390811406133,-0.008024746331158489,0.14830308251690627
2015Q4,2015,88430,1123787050.0,0.14808322967318782,696.7462682347619,18.46543593803029,10.950961099176096,0.12759244600248784,0.2380187719099853,0.05974012926596492,0.002297755207734564,0.14900341812392776
