dimension,segment,loans_period_2,share_period_2,rate_contribution,share_of_within_grade_change,avg_rate_change_pp
purpose,debt_consolidation,160841.0,0.5687708416582091,0.017626939080837074,0.56015463698796,3.0991284696393793
purpose,credit_card,70592.0,0.24962957986046033,0.007011523324725721,0.22281448212209048,2.808771031319714
purpose,other,15210.0,0.05378606513029241,0.0023849972876302263,0.07579122408848399,4.434228980782963
purpose,home_improvement,17145.0,0.06062867104923494,0.0013601851668419466,0.04322440923376564,2.2434685492897843
purpose,medical,3144.0,0.011117908531863206,0.0007655603363088929,0.024328226830016588,6.885830496939659
purpose,major_purchase,5340.0,0.01888347059801193,0.0007264116873060139,0.023084148254025088,3.846812393599359
purpose,moving,2061.0,0.0072881709555248295,0.0006412510868984723,0.020377886832901603,8.798518734146448
purpose,car,2768.0,0.009788285883014424,0.00034361142691398817,0.010919396341317568,3.5104351366591757
purpose,vacation,2070.0,0.007319997029566422,0.00023493994437807868,0.007465998416034951,3.209563384098731
purpose,house,1004.0,0.0035503753708621684,0.0001917082931412903,0.00609216885924821,5.399662658620126
purpose,renewable_energy,185.0,0.0006542026330771923,0.00012381775303420254,0.003934721064472241,18.926514014747585
purpose,small_business,2423.0,0.008568286378086687,5.838729352975655e-05,0.0018554505159336543,0.6814348978703783
purpose,educational,1.0,3.5362304490659046e-06,-3.4605286437538744e-07,-1.0996981139713204e-05,-9.785925135812269
purpose,wedding,3.0,1.0608691347197715e-05,-9.991893200574567e-07,-3.175256511026939e-05,-9.418591675036266
verification_status,Source Verified,119153.0,0.4213524666975498,0.01339851605639787,0.4316959704413077,3.179883141876901
verification_status,Verified,80460.0,0.28452510193184266,0.01327892981918253,0.4278429395154351,4.667050368850572
verification_status,Not Verified,83174.0,0.29412243137060756,0.004359480511990546,0.14046109004325713,1.4821992636452144
dti_band,10-20,115743.0,0.409293920866235,0.010308080515706274,0.36233630714547455,2.5185032052003407
dti_band,20-30,86446.0,0.3056929773999512,0.00836430062254649,0.29401107168403184,2.73617689673097
dti_band,<10,50425.0,0.17831442039414824,0.005121277729082816,0.1800165275576613,2.8720491128887304
dti_band,30+,30173.0,0.10669868133966554,0.004655271897882155,0.16363609361283232,4.36300790172141
fico_band,<680,106434.0,0.3763751516158805,0.016964484520875896,0.5602348669158523,4.507333825849759
fico_band,680-699,75566.0,0.26721879011411415,0.008133898422795927,0.2686137321057168,3.0439096065521425
fico_band,700-719,49343.0,0.17448821904825895,0.0034114222720005444,0.11265875483550043,1.955101777419731
fico_band,720-749,32464.0,0.11480018529847553,0.0013521245532911604,0.04465253973585627,1.1778069432341898
fico_band,750+,18980.0,0.06711765392327088,0.0004190925713042964,0.013840106407074155,0.6244148101234355
home_ownership,RENT,121397.0,0.42928776782525363,0.017982496465768702,0.5812958682987547,4.188914246699123
home_ownership,MORTGAGE,129608.0,0.4583237560425338,0.008781187346426697,0.2838575796720971,1.915935456248045
home_ownership,OWN,31781.0,0.11238493990176353,0.004172044217230607,0.1348640368400703,3.7122805074037686
home_ownership,ANY,1.0,3.5362304490659046e-06,-5.408958978707295e-07,-1.748481092213909e-05,-15.295832827116998
