feature,bin,label,woe,coef,points,loans_train,bad_rate_train,points_rounded
fico,0,<= 672,-0.338092482141914,-0.8353315568398674,45.99138660130087,65454,0.1763681364011367,46
fico,1,"(672, 682]",-0.19573295660834195,-0.8353315568398674,49.42261758456415,39610,0.15662711436505933,49
fico,2,"(682, 687]",-0.0986936029646911,-0.8353315568398674,51.761515776096935,17515,0.1442192406508707,52
fico,3,"(687, 697]",0.02074250408934864,-0.8353315568398674,54.64023337162255,32190,0.13010251630941286,55
fico,4,"(697, 702]",0.11931832687032407,-0.8353315568398674,57.01616442406897,13668,0.11932982148083114,57
fico,5,"(702, 712]",0.24381031725964297,-0.8353315568398674,60.016741821267516,22515,0.10686209193870753,60
fico,6,"(712, 727]",0.4265766388659513,-0.8353315568398674,64.42188059257325,22543,0.0906268021115202,64
fico,7,> 727,0.8529018242785249,-0.8353315568398674,74.69741487558204,31674,0.061091115741617734,75
fico,-1,UNSEEN (neutral),0.0,-0.8353315568398674,54.14028563412427,0,,54
annual_inc,0,<= 2.6e+04,-0.5214023358819382,-0.45370365481905156,47.31454495291067,12768,0.20457393483709274,47
annual_inc,1,"(2.6e+04, 3.55e+04]",-0.3799893201621986,-0.45370365481905156,49.16579974757635,24051,0.1825287929815808,49
annual_inc,2,"(3.55e+04, 4.264e+04]",-0.25667706289027165,-0.45370365481905156,50.7800953366622,24484,0.16484234602189185,51
annual_inc,3,"(4.264e+04, 5e+04]",-0.12355128053948743,-0.45370365481905156,52.52286096269861,30450,0.14732348111658455,53
annual_inc,4,"(5e+04, 6e+04]",-0.022810853510535856,-0.45370365481905156,53.841666007657295,33609,0.13511261864381566,54
annual_inc,5,"(6e+04, 8e+04]",0.1290037225303835,-0.45370365481905156,55.82908887934603,50137,0.1183357600175519,56
annual_inc,6,"(8e+04, 1.03e+05]",0.33297976552893793,-0.45370365481905156,58.49936378774895,33016,0.09864913981100072,58
annual_inc,7,> 1.03e+05,0.46016241173092753,-0.45370365481905156,60.16432710375888,36654,0.08790309379603863,60
annual_inc,-1,UNSEEN (neutral),0.0,-0.45370365481905156,54.14028563412427,0,,54
dti,0,<= 4.9,0.3390664953974965,-0.6238014578483866,60.2431792206101,12295,0.09808865392435949,60
dti,1,"(4.9, 12.37]",0.25059671748915396,-0.6238014578483866,58.6508023637883,61265,0.10622704643760712,59
dti,2,"(12.37, 14.55]",0.15505983251576994,-0.6238014578483866,56.931223902066876,24629,0.11563603881602988,57
dti,3,"(14.55, 16.73]",0.056503542931581656,-0.6238014578483866,55.15729885852622,24448,0.12610438481675393,55
dti,4,"(16.73, 18.97]",0.011662302162380426,-0.6238014578483866,54.35019663989029,24510,0.13113015095879232,54
dti,5,"(18.97, 21.42]",-0.0644326445670987,-0.6238014578483866,52.98055567369901,24556,0.14004723896400065,53
dti,6,"(21.42, 26.01]",-0.1812970146397246,-0.6238014578483866,50.87710155987151,36690,0.1547288089397656,51
dti,7,> 26.01,-0.34108955751720477,-0.6238014578483866,48.00097873932568,36776,0.17680008701326952,48
dti,-1,UNSEEN (neutral),0.0,-0.6238014578483866,54.14028563412427,0,,54
mort_acc,0,<= 0,-0.20479771051013168,-0.2549368931696273,52.63380927499002,103946,0.15783195120543358,53
mort_acc,1,"(0, 1]",0.029815925714272662,-0.2549368931696273,54.35960931260861,38364,0.1290793452194766,54
mort_acc,2,"(1, 2]",0.16222202946195205,-0.2549368931696273,55.33357852644456,31112,0.11490743121625097,55
mort_acc,3,"(2, 3]",0.2292031966747492,-0.2549368931696273,55.8262868905271,23415,0.108263933376041,56
mort_acc,4,"(3, 4]",0.26134439043834196,-0.2549368931696273,56.0627150636673,17330,0.1051933064050779,56
mort_acc,5,> 4,0.35209762118840526,-0.2549368931696273,56.73028891641924,26197,0.09695766690842463,57
mort_acc,6,MISSING,-0.017644700648165625,-0.2549368931696273,54.01049256014775,4805,0.1344432882414152,54
mort_acc,-1,UNSEEN (neutral),0.0,-0.2549368931696273,54.14028563412427,0,,54
loan_to_income,0,<= 0.052,0.31756327059932427,-0.749103025000998,61.00427104175419,12269,0.1000081506235227,61
loan_to_income,1,"(0.052, 0.1315]",0.19738150748284292,-0.749103025000998,58.40659698852406,61282,0.11138670408929212,58
loan_to_income,2,"(0.1315, 0.1572]",0.14242555288906383,-0.749103025000998,57.21874906869955,24518,0.11693449710416837,57
loan_to_income,3,"(0.1572, 0.2]",0.06404968079254232,-0.749103025000998,55.52469030250313,40900,0.12528117359413202,56
loan_to_income,4,"(0.2, 0.23]",0.02865376840558018,-0.749103025000998,54.759623783143596,20402,0.12920301931183217,55
loan_to_income,5,"(0.23, 0.2667]",-0.03692448391723501,-0.749103025000998,53.34217973757696,24699,0.13676667071541357,53
loan_to_income,6,"(0.2667, 0.3182]",-0.20283214938770533,-0.749103025000998,49.7561611383414,24511,0.15756191097874422,50
loan_to_income,7,> 0.3182,-0.3575712151638464,-0.749103025000998,46.41154673292477,36588,0.17921176341970044,46
loan_to_income,-1,UNSEEN (neutral),0.0,-0.749103025000998,54.14028563412427,0,,54
home_ownership,0,MORTGAGE,0.21583906209772988,-0.3607059179270407,56.38668954954033,116319,0.10956937387701063,56
home_ownership,1,OWN,-0.0537858648431252,-0.3607059179270407,53.58049457404763,23018,0.13876096967590582,54
home_ownership,2,"ANY, NONE, OTHER, RENT",-0.19302493070946247,-0.3607059179270407,52.13132601437613,105832,0.1562665356413939,52
home_ownership,-1,UNSEEN (neutral),0.0,-0.3607059179270407,54.14028563412427,0,,54
inq_last_6mths,0,<= 0,0.15171851528052283,-1.0834626209643017,58.88332852097134,128723,0.11598548821888863,59
inq_last_6mths,1,"(0, 1]",-0.06127934269012349,-1.0834626209643017,52.22456328527547,69005,0.13967103833055575,52
inq_last_6mths,2,"(1, 2]",-0.24150096480061917,-1.0834626209643017,46.590452766682986,29940,0.16275885103540413,47
inq_last_6mths,3,> 2,-0.3181998187519646,-1.0834626209643017,44.192683760107734,17501,0.17347580138277813,44
inq_last_6mths,-1,UNSEEN (neutral),0.0,-1.0834626209643017,54.14028563412427,0,,54
revol_util,0,<= 23.8,0.33839547259462527,-0.1690687811006913,55.79107818399363,24530,0.09816551161842642,56
revol_util,1,"(23.8, 38.9]",0.14672533722755035,-0.1690687811006913,54.85605494307854,36902,0.11649775079941467,55
revol_util,2,"(38.9, 46.6]",0.04128165602169266,-0.1690687811006913,54.34166968245199,24524,0.1277931821888762,54
revol_util,3,"(46.6, 53.4]",0.007373388916203766,-0.1690687811006913,54.17625519186341,24373,0.13162105608665325,54
revol_util,4,"(53.4, 63.3]",-0.021099623043374323,-0.1690687811006913,54.03735547297882,37001,0.13491527256020108,54
revol_util,5,"(63.3, 73.6]",-0.07550931754917772,-0.1690687811006913,53.7719289953662,36494,0.1413931057160081,54
revol_util,6,"(73.6, 86.4]",-0.11103994420531048,-0.1690687811006913,53.598600158173404,36930,0.14576225291091255,54
revol_util,7,> 86.4,-0.21787964115881228,-0.1690687811006913,53.077404722522814,24265,0.15957139913455595,53
revol_util,8,MISSING,-0.0835676244706293,-0.1690687811006913,53.732618206340284,150,0.14,54
revol_util,-1,UNSEEN (neutral),0.0,-0.1690687811006913,54.14028563412427,0,,54
credit_hist_months,0,<= 74,-0.32580837509116034,-0.2860371069707258,51.45129583075742,12740,0.17456828885400313,51
credit_hist_months,1,"(74, 139]",-0.14203850017455552,-0.2860371069707258,52.96800122446771,60956,0.14966533237089047,53
credit_hist_months,2,"(139, 148]",-0.029002658391082205,-0.2860371069707258,53.90091839053413,13113,0.13581941584686952,54
credit_hist_months,3,"(148, 193]",0.010184335673500503,-0.2860371069707258,54.22433987236306,60477,0.13130611637482018,54
credit_hist_months,4,"(193, 206]",0.07153307241467415,-0.2860371069707258,54.73066856173545,12761,0.12444165817725883,55
credit_hist_months,5,"(206, 234]",0.08839943250983946,-0.2860371069707258,54.869871460688316,24146,0.1226290068748447,55
credit_hist_months,6,> 234,0.18630139964759504,-0.2860371069707258,55.67788442625226,60976,0.11248688008396747,56
credit_hist_months,-1,UNSEEN (neutral),0.0,-0.2860371069707258,54.14028563412427,0,,54
purpose,0,"car, credit_card",0.19184830201361536,-0.9306265584823935,59.29183584051455,62914,0.11193057189178879,59
purpose,1,"home_improvement, major_purchase",0.15406817577219797,-0.9306265584823935,58.27735609222566,17792,0.1157261690647482,58
purpose,2,debt_consolidation,-0.045674100877538315,-0.9306265584823935,52.91383524945693,141268,0.13780898717331597,53
purpose,3,"house, medical, moving, other +4 more",-0.2829572374104037,-0.9306265584823935,46.54225948804067,23195,0.1684845871955163,47
purpose,-1,UNSEEN (neutral),0.0,-0.9306265584823935,54.14028563412427,0,,54
