issue_q,issue_year,grade,loans,bads,bad_rate,bad_rate_by_amount,funded_amnt,grade_share_of_quarter,quarter_bad_rate
2012Q1,2012,A,2310,190.0,0.08225108225108226,0.07652626468059053,25641850.0,0.3554939981532779,0.13204062788550322
2012Q1,2012,B,2265,323.0,0.14260485651214128,0.14549130765222962,26150875.0,0.34856879039704525,0.13204062788550322
2012Q1,2012,C,1170,187.0,0.15982905982905982,0.14648877375412503,13742350.0,0.18005540166204986,0.13204062788550322
2012Q1,2012,D,607,126.0,0.20757825370675453,0.19615741715784135,8427925.0,0.09341335795629424,0.13204062788550322
2012Q1,2012,E,124,28.0,0.22580645161290322,0.1938129283908575,2877775.0,0.019082794706063406,0.13204062788550322
2012Q1,2012,F,16,4.0,0.25,0.20028045863235172,303075.0,0.0024622960911049553,0.13204062788550322
2012Q1,2012,G,6,0.0,0.0,0.0,152250.0,0.0009233610341643582,0.13204062788550322
2012Q2,2012,A,2392,177.0,0.07399665551839466,0.07051359978667002,25500400.0,0.2824418467351517,0.14228362262368638
2012Q2,2012,B,3137,416.0,0.13261077462543833,0.13314485479598623,33646625.0,0.3704097296020782,0.14228362262368638
2012Q2,2012,C,1841,366.0,0.19880499728408474,0.18826829790964525,20532400.0,0.2173810367221632,0.14228362262368638
2012Q2,2012,D,925,200.0,0.21621621621621623,0.21137047802190415,13013525.0,0.10922186798913686,0.14228362262368638
2012Q2,2012,E,148,40.0,0.2702702702702703,0.27998337313457167,3067325.0,0.017475498878261896,0.14228362262368638
2012Q2,2012,F,20,4.0,0.2,0.23327932055651784,447425.0,0.0023615539024678237,0.14228362262368638
2012Q2,2012,G,6,2.0,0.3333333333333333,0.233440880622509,131725.0,0.0007084661707403471,0.14228362262368638
2012Q3,2012,A,3035,195.0,0.0642504118616145,0.06261265572095312,31609025.0,0.22781864584897163,0.14194565380573487
2012Q3,2012,B,5278,681.0,0.12902614626752557,0.12159712079362554,55320800.0,0.3961867587449332,0.14194565380573487
2012Q3,2012,C,3212,590.0,0.18368617683686178,0.17319130098803784,35522425.0,0.24110493919831857,0.14194565380573487
2012Q3,2012,D,1555,371.0,0.23858520900321542,0.23038652576974525,21436475.0,0.11672421558324576,0.14194565380573487
2012Q3,2012,E,207,44.0,0.21256038647342995,0.20809569212100198,4326375.0,0.015538207476354902,0.14194565380573487
2012Q3,2012,F,27,9.0,0.3333333333333333,0.4048313878080415,616800.0,0.002026722714307161,0.14194565380573487
2012Q3,2012,G,8,1.0,0.125,0.15370165745856354,226250.0,0.0006005104338687885,0.14194565380573487
2012Q4,2012,A,3016,216.0,0.07161803713527852,0.06487584634775252,36794125.0,0.19866938936828932,0.1283841644160464
2012Q4,2012,B,6125,692.0,0.1129795918367347,0.11048727012394291,69840625.0,0.40346485738752386,0.1283841644160464
2012Q4,2012,C,3679,597.0,0.16227235661864636,0.1579014003626383,44231400.0,0.24234240168631843,0.1283841644160464
2012Q4,2012,D,2001,379.0,0.18940529735132433,0.1845157992893514,27587475.0,0.13180949871549963,0.1283841644160464
2012Q4,2012,E,316,62.0,0.1962025316455696,0.2023658970113384,5752575.0,0.02081549305052368,0.1283841644160464
2012Q4,2012,F,40,2.0,0.05,0.006491848718042234,685475.0,0.0026348725380409724,0.1283841644160464
2012Q4,2012,G,4,1.0,0.25,0.163075131042516,85850.0,0.0002634872538040972,0.1283841644160464
2013Q1,2013,A,3152,144.0,0.04568527918781726,0.04715123475408027,53463075.0,0.17522792973093174,0.12586168556815655
2013Q1,2013,B,7462,736.0,0.09863307424283034,0.10124319822414733,103589675.0,0.41483211029575273,0.12586168556815655
2013Q1,2013,C,4583,723.0,0.15775692777656558,0.1608269601551101,60125025.0,0.2547809650878363,0.12586168556815655
2013Q1,2013,D,2337,546.0,0.2336328626444159,0.24575814395359885,24999375.0,0.12991994663108739,0.12586168556815655
2013Q1,2013,E,399,99.0,0.24812030075187969,0.3105737751185369,3543200.0,0.02218145430286858,0.12586168556815655
2013Q1,2013,F,55,16.0,0.2909090909090909,0.22434311299634735,212175.0,0.0030575939515232377,0.12586168556815655
2013Q2,2013,A,3511,134.0,0.038165764739390484,0.039268196505522004,52874850.0,0.15175484094052558,0.1283713692946058
2013Q2,2013,B,9015,927.0,0.10282861896838602,0.09945394182995393,113797400.0,0.389652489626556,0.1283713692946058
2013Q2,2013,C,5807,907.0,0.15619080420182538,0.15266000297278798,68117875.0,0.25099412171507607,0.1283713692946058
2013Q2,2013,D,3896,785.0,0.2014887063655031,0.21475656530089426,39688775.0,0.16839557399723376,0.1283713692946058
2013Q2,2013,E,795,183.0,0.23018867924528302,0.24930081827756623,7714375.0,0.03436203319502075,0.1283713692946058
2013Q2,2013,F,111,33.0,0.2972972972972973,0.2834507042253521,1192800.0,0.004797717842323652,0.1283713692946058
2013Q2,2013,G,1,1.0,1.0,1.0,35000.0,4.322268326417704e-05,0.1283713692946058
2013Q3,2013,A,3813,152.0,0.03986362444269604,0.03832522132959411,55519575.0,0.13957830002196353,0.12211728530639139
2013Q3,2013,B,11170,1091.0,0.09767233661593554,0.09440684114396058,137491625.0,0.4088879127315323,0.12211728530639139
2013Q3,2013,C,6692,949.0,0.14181111775254035,0.13103826338920285,80446350.0,0.24496668863020718,0.12211728530639139
2013Q3,2013,D,4525,884.0,0.19535911602209946,0.20792366576423146,46254475.0,0.1656417014422725,0.12211728530639139
2013Q3,2013,E,975,226.0,0.2317948717948718,0.23556935877759438,10359900.0,0.03569075334943993,0.12211728530639139
2013Q3,2013,F,139,33.0,0.23741007194244604,0.236463452428388,1129350.0,0.005088220221099641,0.12211728530639139
2013Q3,2013,G,4,1.0,0.25,0.3527336860670194,70875.0,0.00014642360348488177,0.12211728530639139
2013Q4,2013,A,6581,348.0,0.052879501595502205,0.0523215326603356,96929500.0,0.2057848655409631,0.11907442151344591
2013Q4,2013,B,12666,1191.0,0.0940312648034107,0.09337585351809538,164290600.0,0.39606003752345215,0.11907442151344591
2013Q4,2013,C,7611,1198.0,0.1574037577190908,0.15593498417080925,94169375.0,0.23799249530956848,0.11907442151344591
2013Q4,2013,D,3747,743.0,0.19829196690685882,0.20538901983198748,42077225.0,0.11716697936210131,0.11907442151344591
2013Q4,2013,E,1062,245.0,0.23069679849340866,0.2675297719673917,10647600.0,0.03320825515947467,0.11907442151344591
2013Q4,2013,F,303,81.0,0.26732673267326734,0.3306291997556506,3069375.0,0.00947467166979362,0.11907442151344591
2013Q4,2013,G,10,2.0,0.2,0.24962111081394311,280425.0,0.00031269543464665416,0.11907442151344591
2014Q1,2014,A,6684,346.0,0.051765409934171155,0.051473360452425836,99530125.0,0.1961612960028174,0.12866114926336797
2014Q1,2014,B,12600,1285.0,0.10198412698412698,0.10027870098015747,164486325.0,0.369783412572636,0.12866114926336797
2014Q1,2014,C,9282,1502.0,0.16181857358327947,0.16042613843256795,120148750.0,0.2724071139285085,0.12866114926336797
2014Q1,2014,D,3827,811.0,0.21191533838515808,0.21309732419139352,45639475.0,0.11231437459646651,0.12866114926336797
2014Q1,2014,E,1259,321.0,0.2549642573471009,0.26525675660400816,13270350.0,0.036948993367376885,0.12866114926336797
2014Q1,2014,F,407,114.0,0.2800982800982801,0.2850095238095238,3937500.0,0.011944591183893878,0.12866114926336797
2014Q1,2014,G,15,5.0,0.3333333333333333,0.3009838998211091,335400.0,0.0004402183483007572,0.12866114926336797
2014Q2,2014,A,7468,428.0,0.05731119442956615,0.054128377178363114,108529025.0,0.19714368680869038,0.13545048969140203
2014Q2,2014,B,13325,1429.0,0.1072420262664165,0.10559808073634136,167835200.0,0.35175945724769675,0.13545048969140203
2014Q2,2014,C,10286,1732.0,0.16838421154967917,0.16429000379119835,121267725.0,0.27153454238272484,0.13545048969140203
2014Q2,2014,D,4702,1011.0,0.21501488728200766,0.21973561185578866,49786650.0,0.12412555106781764,0.13545048969140203
2014Q2,2014,E,1653,408.0,0.24682395644283123,0.25878620381570483,15893525.0,0.04363665161954542,0.13545048969140203
2014Q2,2014,F,427,118.0,0.27634660421545665,0.3345232686441228,3466575.0,0.011272141706924315,0.13545048969140203
2014Q2,2014,G,20,5.0,0.25,0.3974025974025974,211750.0,0.0005279691666006705,0.13545048969140203
2014Q3,2014,A,8654,428.0,0.049456898544025886,0.0480545732994002,125108800.0,0.2131789629264688,0.136297573592807
2014Q3,2014,B,13174,1446.0,0.10976165173827235,0.10619016737416398,166997100.0,0.3245227244734573,0.136297573592807
2014Q3,2014,C,10344,1769.0,0.1710170146945089,0.17520647133822606,126119200.0,0.25480970562877203,0.136297573592807
2014Q3,2014,D,5277,1068.0,0.20238772029562252,0.2124771535179955,60307425.0,0.12999137824855278,0.136297573592807
2014Q3,2014,E,2226,545.0,0.24483378256963162,0.27169390594323306,23073300.0,0.05483433920433551,0.136297573592807
2014Q3,2014,F,822,243.0,0.2956204379562044,0.32925370047566993,6769400.0,0.02024879911319128,0.136297573592807
2014Q3,2014,G,98,34.0,0.3469387755102041,0.3587874068699453,1412675.0,0.002414090405222318,0.136297573592807
2014Q4,2014,A,12527,700.0,0.055879300710465395,0.05407379755415334,175528175.0,0.25043982407037185,0.14528188724510196
2014Q4,2014,B,14361,1573.0,0.10953276234245526,0.10711191571154867,177120350.0,0.2871051579368253,0.14528188724510196
2014Q4,2014,C,14130,2570.0,0.1818825194621373,0.1821529337360785,160688875.0,0.2824870051979208,0.14528188724510196
2014Q4,2014,D,6704,1658.0,0.2473150357995227,0.25949355729121537,80789000.0,0.13402638944422232,0.14528188724510196
2014Q4,2014,E,1928,636.0,0.32987551867219916,0.32935609350408723,23747625.0,0.03854458216713315,0.14528188724510196
2014Q4,2014,F,324,109.0,0.33641975308641975,0.37661350467557797,3486200.0,0.006477409036385446,0.14528188724510196
2014Q4,2014,G,46,21.0,0.45652173913043476,0.4135769057284619,554250.0,0.0009196321471411435,0.14528188724510196
2015Q1,2015,A,14130,809.0,0.05725406935598018,0.05349929170113388,204874675.0,0.24978786593126856,0.1483347475604582
2015Q1,2015,B,17013,2014.0,0.11838006230529595,0.1172087695959982,215913025.0,0.3007530759439966,0.1483347475604582
2015Q1,2015,C,15808,2931.0,0.18541244939271256,0.18724027814739658,186660025.0,0.279451279875548,0.1483347475604582
2015Q1,2015,D,7205,1835.0,0.2546842470506593,0.2536518143468832,89909075.0,0.12736883043416772,0.1483347475604582
2015Q1,2015,E,2102,687.0,0.3268315889628925,0.3271375794820788,28151000.0,0.0371588177061236,0.1483347475604582
2015Q1,2015,F,267,101.0,0.3782771535580524,0.3987032656603645,2938150.0,0.004719983029274502,0.1483347475604582
2015Q1,2015,G,43,14.0,0.32558139534883723,0.29813856015779094,405600.0,0.0007601470796209872,0.1483347475604582
2015Q2,2015,A,16495,961.0,0.05826007881176114,0.05576851894730121,233758225.0,0.2568434492852916,0.15381022079661175
2015Q2,2015,B,18733,2310.0,0.12331180270111568,0.11852975619289902,234083625.0,0.2916913207312136,0.15381022079661175
2015Q2,2015,C,17873,3457.0,0.19342024282437195,0.19429037042304068,208143100.0,0.27830027093519355,0.15381022079661175
2015Q2,2015,D,8184,2172.0,0.2653958944281525,0.278635451246049,100734400.0,0.12743296689607922,0.15381022079661175
2015Q2,2015,E,2524,799.0,0.3165610142630745,0.3349494375680508,34326375.0,0.03930117405250537,0.15381022079661175
2015Q2,2015,F,361,160.0,0.44321329639889195,0.45106612920256145,4025075.0,0.005621126716701442,0.15381022079661175
2015Q2,2015,G,52,19.0,0.36538461538461536,0.36134915906695386,545525.0,0.0008096913830151661,0.15381022079661175
2015Q3,2015,A,17717,884.0,0.049895580515888695,0.04889601437065035,259194950.0,0.24082808868106623,0.14578547446545326
2015Q3,2015,B,23892,2702.0,0.11309224845136448,0.11224651552533116,304375150.0,0.3247651800399636,0.14578547446545326
2015Q3,2015,C,20285,3942.0,0.19433078629529207,0.1939305654780671,245023650.0,0.27573504424538176,0.14578547446545326
2015Q3,2015,D,8723,2200.0,0.25220680958385877,0.25332843783753783,107649975.0,0.11857218589856865,0.14578547446545326
2015Q3,2015,E,2549,816.0,0.3201255394272264,0.3192019911101096,31952025.0,0.03464868759090353,0.14578547446545326
2015Q3,2015,F,345,155.0,0.4492753623188406,0.46173115947099574,3572750.0,0.004689602675112483,0.14578547446545326
2015Q3,2015,G,56,26.0,0.4642857142857143,0.5587995100040833,612250.0,0.0007612108690037652,0.14578547446545326
2015Q4,2015,A,21758,1148.0,0.05276220240830959,0.05099253875755545,316646325.0,0.2460477213615289,0.14808322967318782
2015Q4,2015,B,32007,3875.0,0.12106726653544538,0.1208884893645418,392800425.0,0.361947302951487,0.14808322967318782
2015Q4,2015,C,23382,4709.0,0.2013942348815328,0.20464787681996588,279907375.0,0.2644125296844962,0.14808322967318782
2015Q4,2015,D,8556,2356.0,0.2753623188405797,0.2888530565511074,103320700.0,0.09675449508085492,0.14808322967318782
2015Q4,2015,E,2249,793.0,0.35260115606936415,0.3701800956221771,26662225.0,0.025432545516227523,0.14808322967318782
2015Q4,2015,F,385,160.0,0.4155844155844156,0.4383477061765493,3644025.0,0.0043537261110482865,0.14808322967318782
2015Q4,2015,G,93,54.0,0.5806451612903226,0.6491826669561711,805975.0,0.0010516792943571186,0.14808322967318782
