feature,bin,label,loans,bads,share,bad_rate,woe,iv_part
loan_amnt,0,<= 1.17e+04,135071,19039,0.5509301746958221,0.14095549747910358,-0.071906230656443,0.0029245917914900222
loan_amnt,1,"(1.17e+04, 1.808e+04]",61107,7764,0.2492443987616705,0.127055820118808,0.04792928395053875,0.0005625511374812848
loan_amnt,2,"(1.808e+04, 2e+04]",14914,1781,0.06083150806178595,0.11941799651334317,0.1184497254253979,0.0008170077626889365
loan_amnt,3,> 2e+04,34077,3893,0.13899391848072146,0.11424127710772662,0.16875926513605707,0.0037190637656890524
annual_inc,0,<= 2.6e+04,12768,2612,0.05207836227255485,0.20457393483709274,-0.5214023358819382,0.017039629778218726
annual_inc,1,"(2.6e+04, 3.55e+04]",24051,4390,0.09809967818117299,0.1825287929815808,-0.3799893201621986,0.016237660630610475
annual_inc,2,"(3.55e+04, 4.264e+04]",24484,4036,0.09986580685160032,0.16484234602189185,-0.25667706289027165,0.007221119172144803
annual_inc,3,"(4.264e+04, 5e+04]",30450,4486,0.12420004160395483,0.14732348111658455,-0.12355128053948743,0.001983444970113207
annual_inc,4,"(5e+04, 6e+04]",33609,4541,0.13708503114178383,0.13511261864381566,-0.022810853510535856,7.192984093244855e-05
annual_inc,5,"(6e+04, 8e+04]",50137,5933,0.20449975323144443,0.1183357600175519,0.1290037225303835,0.0032448897616665054
annual_inc,6,"(8e+04, 1.03e+05]",33016,3257,0.13466629141530945,0.09864913981100072,0.33297976552893793,0.013194740869008832
annual_inc,7,> 1.03e+05,36654,3222,0.14950503530217932,0.08790309379603863,0.46016241173092753,0.026676804673023292
loan_to_income,0,<= 0.052,12269,1227,0.050043031541508104,0.1000081506235227,0.31756327059932427,0.00448573873773709
loan_to_income,1,"(0.052, 0.1315]",61282,6826,0.249958192104222,0.11138670408929212,0.19738150748284292,0.009052056209506462
loan_to_income,2,"(0.1315, 0.1572]",24518,2867,0.10000448670101032,0.11693449710416837,0.14242555288906383,0.0019246164213132775
loan_to_income,3,"(0.1572, 0.2]",40900,5124,0.166823701202028,0.12528117359413202,0.06404968079254232,0.0006684031515621484
loan_to_income,4,"(0.2, 0.23]",20402,2636,0.08321606728419988,0.12920301931183217,0.02865376840558018,6.760811396267019e-05
loan_to_income,5,"(0.23, 0.2667]",24699,3378,0.10074275295816355,0.13676667071541357,-0.03692448391723501,0.0001392291018529056
loan_to_income,6,"(0.2667, 0.3182]",24511,3862,0.09997593496730826,0.15756191097874422,-0.20283214938770533,0.004428049417501806
loan_to_income,7,> 0.3182,36588,6557,0.1492358332415599,0.17921176341970044,-0.3575712151638464,0.02170199196246397
dti,0,<= 4.9,12295,1206,0.05014908083811575,0.09808865392435949,0.3390664953974965,0.005083624157464039
dti,1,"(4.9, 12.37]",61265,6508,0.24988885217951698,0.10622704643760712,0.25059671748915396,0.014300606148531491
dti,2,"(12.37, 14.55]",24629,2848,0.10045723562114296,0.11563603881602988,0.15505983251576994,0.0022808213185850005
dti,3,"(14.55, 16.73]",24448,3083,0.09971896936398973,0.12610438481675393,0.056503542931581656,0.0003118123277974283
dti,4,"(16.73, 18.97]",24510,3214,0.09997185614820797,0.13113015095879232,0.011662302162380426,1.3539028907693652e-05
dti,5,"(18.97, 21.42]",24556,3439,0.1001594818268215,0.14004723896400065,-0.0644326445670987,0.0004257567945424048
dti,6,"(21.42, 26.01]",36690,5677,0.1496518727897899,0.1547288089397656,-0.1812970146397246,0.005254549950528423
dti,7,> 26.01,36776,6502,0.15000265123241519,0.17680008701326952,-0.34108955751720477,0.019734421652388673
emp_length_yrs,0,<= 0,18920,2668,0.07717125737756404,0.14101479915433404,-0.07250447304453041,0.0004166119891887387
emp_length_yrs,1,"(0, 2]",37839,5105,0.1543384359360278,0.1349137133645181,-0.02112352175758319,6.940265305329312e-05
emp_length_yrs,2,"(2, 3]",19398,2587,0.07912093290750462,0.1333642643571502,-0.00786368190146657,4.9069287799344864e-06
emp_length_yrs,3,"(3, 9]",79847,10550,0.32568146870118164,0.13212769421518655,0.0030008789959336383,2.9295828485429565e-06
emp_length_yrs,4,> 9,76034,9006,0.3101289314717603,0.11844701054791278,0.1279366638491599,0.00484180521909698
emp_length_yrs,5,MISSING,13131,2561,0.0535589736059616,0.19503465082628893,-0.4617606212932246,0.01346770658582256
fico,0,<= 672,65454,11544,0.2669750253906489,0.1763681364011367,-0.338092482141914,0.034472072418432365
fico,1,"(672, 682]",39610,6204,0.16156202456264862,0.15662711436505933,-0.19573295660834195,0.006646537892561553
fico,2,"(682, 687]",17515,2526,0.07144051654165086,0.1442192406508707,-0.0986936029646911,0.0007214614325922681
fico,3,"(687, 697]",32190,4188,0.13129718683846653,0.13010251630941286,0.02074250408934864,5.606133819130257e-05
fico,4,"(697, 702]",13668,1631,0.05574929946281953,0.11932982148083114,0.11931832687032407,0.000759520037701343
fico,5,"(702, 712]",22515,2406,0.09183461204312128,0.10686209193870753,0.24381031725964297,0.0049874494225027625
fico,6,"(712, 727]",22543,2043,0.09194881897792952,0.0906268021115202,0.4265766388659513,0.014277664147909024
fico,7,> 727,31674,1935,0.12919251618271477,0.061091115741617734,0.8529018242785249,0.06843082152037315
inq_last_6mths,0,<= 0,128723,14930,0.5250378310471552,0.11598548821888863,0.15171851528052283,0.011426430478291403
inq_last_6mths,1,"(0, 1]",69005,9638,0.2814589120157932,0.13967103833055575,-0.06127934269012349,0.0010809268591179804
inq_last_6mths,2,"(1, 2]",29940,4873,0.12211984386280485,0.16275885103540413,-0.24150096480061917,0.0077748078674339405
inq_last_6mths,3,> 2,17501,3036,0.07138341307424674,0.17347580138277813,-0.3181998187519646,0.008107835638604809
delinq_2yrs,0,<= 0,200342,26218,0.8171587761911171,0.13086621876591029,0.014031461829603228,0.0001600546043895428
delinq_2yrs,1,"(0, 1]",29997,4065,0.1223523365515216,0.13551355135513551,-0.026313558646680002,8.554128833013055e-05
delinq_2yrs,2,> 1,14830,2194,0.06048888725736125,0.14794335805799055,-0.12863860880992117,0.0010491755830535755
open_acc,0,<= 5,21827,2846,0.08902838450211895,0.13038896779218398,0.018139951859360202,2.910130220358735e-05
open_acc,1,"(5, 6]",16575,2162,0.06760642658737442,0.13043740573152338,0.017665608230243136,2.096230185753733e-05
open_acc,2,"(6, 8]",42719,5577,0.17424307314546292,0.1305508087736136,0.016786519855665788,4.8797226763336326e-05
open_acc,3,"(8, 10]",46050,6114,0.18782961956854252,0.1327687296416938,-0.002607006295803368,1.2778006580997243e-06
open_acc,4,"(10, 11]",20509,2730,0.08365250092793135,0.1331122921644156,-0.005673333753698231,2.698183364768497e-06
open_acc,5,> 11,97489,13048,0.39763999526856986,0.13384074100667767,-0.011848897067535427,5.606992924374307e-05
pub_rec,0,<= 0,209571,27335,0.8548021976677312,0.13043312290345516,0.017832195904232094,0.0002700382993399159
pub_rec,1,> 0,35598,5142,0.14519780233226875,0.14444631720883197,-0.10052678089277278,0.0015223072411378242
pub_rec_bankruptcies,0,<= 0,217632,28520,0.8876815584352018,0.13104690486693132,0.012432074702151475,0.00013657067852887312
pub_rec_bankruptcies,1,> 0,27537,3957,0.11231844156479816,0.14369757054145332,-0.09447928789767866,0.001037887944228471
revol_bal,0,"<= 7,811",85810,12393,0.35000346699623525,0.14442372683836383,-0.10021842800625831,0.0036465261237144555
revol_bal,1,"(7,811, 9,769]",24517,3510,0.10000040788191003,0.14316596647224375,-0.09008757385761176,0.0008387913628912354
revol_bal,2,"(9,769, 1.202e+04]",24518,3331,0.10000448670101032,0.13585936862713108,-0.029219881082467317,8.630535588958978e-05
revol_bal,3,"(1.202e+04, 1.66e+04]",36775,4897,0.1499985724133149,0.13316111488783142,-0.0060016826670908005,5.414875974885743e-06
revol_bal,4,"(1.66e+04, 1.869e+04]",12259,1564,0.05000224335050516,0.1275797373358349,0.04304819493024148,9.120893763220842e-05
revol_bal,5,"(1.869e+04, 2.134e+04]",12261,1526,0.05001040098870575,0.1244596688687709,0.07136986046914784,0.00024813444172807784
revol_bal,6,"(2.134e+04, 2.995e+04]",24512,2838,0.09998001378640856,0.11578002610966058,0.15365209751845896,0.0022301226934083925
revol_bal,7,> 2.995e+04,24517,2418,0.10000040788191003,0.09862544356976792,0.3331988573497992,0.009810340128535464
revol_util,0,<= 23.8,24530,2408,0.10005343253021386,0.09816551161842642,0.33839547259462527,0.010104422234107973
revol_util,1,"(23.8, 38.9]",36902,4299,0.15051658243905225,0.11649775079941467,0.14672533722755035,0.0030693231110010917
revol_util,2,"(38.9, 46.6]",24524,3134,0.10002895961561209,0.1277931821888762,0.04128165602169266,0.00016789642709260535
revol_util,3,"(46.6, 53.4]",24373,3208,0.09941305793146768,0.13162105608665325,0.007373388916203766,5.3901685435189275e-06
revol_util,4,"(53.4, 63.3]",37001,4992,0.15092038552998135,0.13491527256020108,-0.021099623043374323,6.771076503520482e-05
revol_util,5,"(63.3, 73.6]",36494,5160,0.14885242424613226,0.1413931057160081,-0.07550931754917772,0.0008724957615899323
revol_util,6,"(73.6, 86.4]",36930,5383,0.15063078937386049,0.14576225291091255,-0.11103994420531048,0.001934185781241636
revol_util,7,> 86.4,24265,3872,0.09897254546863592,0.15957139913455595,-0.21787964115881228,0.00508552010873539
revol_util,8,MISSING,150,21,0.0006118228650441124,0.14,-0.0835676244706293,4.434640122607624e-06
total_acc,0,<= 9,14883,2338,0.06070506466967684,0.15709198414298192,-0.19935627584580912,0.0025941618946314017
total_acc,1,"(9, 13]",25029,3706,0.1020887632612606,0.14806824084062487,-0.12948689739010172,0.001794617524583611
total_acc,2,"(13, 16]",24599,3547,0.10033487104813414,0.1441928533680231,-0.09843242533273201,0.0010077907509725786
total_acc,3,"(16, 19]",26792,3681,0.10927972133507907,0.13739175873395043,-0.042198561882711476,0.00019763307859532915
total_acc,4,"(19, 22]",27140,3631,0.11069915038198141,0.13378776713338247,-0.011449804486671888,1.4573668196013443e-05
total_acc,5,"(22, 31]",66615,8288,0.27171053436609033,0.1244164227276139,0.07199605516960576,0.0013714863529631918
total_acc,6,"(31, 36]",23728,2907,0.09678221961177799,0.12251348617666892,0.08948388808777254,0.0007498183969988644
total_acc,7,> 36,36383,4379,0.14839967532599962,0.12035840914712916,0.10973334208926995,0.0017160048827226382
mort_acc,0,<= 0,103946,16406,0.4239769301991687,0.15783195120543358,-0.20479771051013168,0.019157148951622235
mort_acc,1,"(0, 1]",38364,4952,0.15647981596368218,0.1290793452194766,0.029815925714272662,0.00013759064489957714
mort_acc,2,"(1, 2]",31112,3575,0.1269002198483495,0.11490743121625097,0.16222202946195205,0.003145110454853756
mort_acc,3,"(2, 3]",23415,2535,0.09550554923338594,0.108263933376041,0.2292031966747492,0.004608963957152275
mort_acc,4,"(3, 4]",17330,1823,0.07068593500809646,0.1051933064050779,0.26134439043834196,0.004382227132548226
mort_acc,5,> 4,26197,2540,0.10685282397040409,0.09695766690842463,0.35209762118840526,0.011623067244280647
mort_acc,6,MISSING,4805,646,0.01959872577691307,0.1344432882414152,-0.017644700648165625,6.142547850094964e-06
credit_hist_months,0,<= 74,12740,2224,0.05196415533774661,0.17456828885400313,-0.32580837509116034,0.006204474070397294
credit_hist_months,1,"(74, 139]",60956,9123,0.24862849707752613,0.14966533237089047,-0.14203850017455552,0.005282903451913216
credit_hist_months,2,"(139, 148]",13113,1781,0.05348555486215631,0.13581941584686952,-0.029002658391082205,4.5473261975641406e-05
credit_hist_months,3,"(148, 193]",60477,7941,0.24667474272848525,0.13130611637482018,0.010184335673500503,2.548934183971718e-05
credit_hist_months,4,"(193, 206]",12761,1588,0.05204981053885279,0.12444165817725883,0.07153307241467415,0.0002594203679115536
credit_hist_months,5,"(206, 234]",24146,2961,0.09848716599570093,0.1226290068748447,0.08839943250983946,0.0007449464861389412
credit_hist_months,6,> 234,60976,6859,0.248710073459532,0.11248688008396747,0.18630139964759504,0.008057210482930593
home_ownership,0,MORTGAGE,116319,12745,0.47444415892710745,0.10956937387701063,0.21583906209772988,0.020404809514832957
home_ownership,1,OWN,23018,3194,0.0938862580505692,0.13876096967590582,-0.0537858648431252,0.0002770231971353831
home_ownership,2,"ANY, NONE, OTHER, RENT",105832,16538,0.4316695830223234,0.1562665356413939,-0.19302493070946247,0.017253854906016407
verification_status,0,Not Verified,93877,11220,0.38290730067830764,0.11951809282358831,0.11768927156540465,0.0050780445413908986
verification_status,1,Source Verified,73515,10127,0.2998543861581195,0.13775419982316534,-0.04524586942171282,0.0006241316305136692
verification_status,2,Verified,77777,11130,0.31723831316357287,0.14310143101431014,-0.08954538166913859,0.0026284858864597505
purpose,0,"car, credit_card",62914,7042,0.2566148248759019,0.11193057189178879,0.19184830201361536,0.008797621509741485
purpose,1,"home_improvement, major_purchase",17792,2059,0.07257034943243232,0.1157261690647482,0.15406817577219797,0.0016273087422499983
purpose,2,debt_consolidation,141268,19468,0.5762066166603445,0.13780898717331597,-0.045674100877538315,0.001222333177277654
purpose,3,"house, medical, moving, other +4 more",23195,3908,0.09460820903132125,0.1684845871955163,-0.2829572374104037,0.008391769616343886
